id,peca_ordem_id
401,1.822
402,1.823
403,1.824
404,1.825
405,1.826
418,1.827
419,1.828
420,1.829
421,1.830
422,1.831
423,1.832
424,1.833
425,1.834
426,1.835
427,1.836
428,1.837
429,1.838
430,1.839
431,1.840
432,1.841
433,1.842
434,1.843
435,1.844
436,1.845
437,1.846
438,1.847
410,1.848
411,1.849
412,1.850
413,1.851
414,1.852
463,1.853
464,1.854
465,1.855
466,1.856
467,1.857
468,1.858
469,1.859
470,1.860
475,1.861
476,1.862
498,1.863
499,1.864
454,1.865
455,1.866
456,1.867
457,1.868
459,1.869
460,1.870
461,1.871
462,1.872