op,tempo_estimado,op_limpa,id,ordem
OP2066 JFY #1.4 INOX 1250 X 1340,00:07:58,2066.0,25303,2066
OP2058 JFY #5.16 INOX 1200 X 2000,00:05:27,2058.0,25022,2058
OP2059 JFY #3.8 INOX 1340 X 2000,00:05:00,2059.0,25102,2059
,00:37:45,,6792,133
op 186 #1.4 1200x4050,03:28:35,186.0,6839,186
op 187 #14 1200x2800 20x,00:10:26,187.0,6875,187
op 188 #5.32 1200x4000,00:31:23,188.0,6876,188
op 189 #14 1200x4000,00:22:18,189.0,6877,189
op 190 #3.16 1200x4040,01:34:12,190.0,6878,190
op 191 #11 1500x4000,01:03:22,191.0,6879,191
op 192 #12 1200x3800,00:05:57,192.0,6880,192
op 193 #5.32 1200x4000,01:38:55,193.0,6881,193
op 194 #1.4 1200x4050,01:17:11,194.0,6882,194
op 196 JFY #12 1500x2500,00:13:29,196.0,6883,196
op 195 JFY #12 1200x4000 7x,00:54:17,195.0,6884,195
op 197 JFY #12 15200x4000,00:31:30,197.0,6886,197
op 198 JFY #12 1200x4000 2x,00:06:59,198.0,6887,198
op 199 JFY #1.4 1200x4050,00:36:35,199.0,6888,199
op 200 JFY #12 1500x4000,00:54:15,200.0,6890,200
op 201 JFY #12 1500x4000 2x,00:08:22,201.0,6891,201
op 203 JFY #12 1500x4000,00:21:38,203.0,6893,203
op 204 JFY #5.32 1200x4010,00:35:49,204.0,6894,204
op 205 JFY #1.4 1200x4050,00:20:28,205.0,6895,205
op 206 JFY #3.16 1200x2810,00:36:05,206.0,6896,206
op 207 JFY #5.32 1200x3010,00:34:33,207.0,6897,207
op 208 JFY #13 1200x4010,00:10:33,208.0,6900,208
op 209 JFY #13 1200x4010,01:11:22,209.0,6901,209
op 210 JFY #5.32 1200x4010,00:38:45,210.0,6902,210
op 211 JFY #3.16 1200x4040,00:13:38,211.0,6903,211
op 212 JFY #3.16 1200x4040,00:46:35,212.0,6905,212
op 213 JFY 1200x3610 4x,00:48:14,213.0,6907,213
op 214 JFY 1200x3510 16x,00:44:58,214.0,6908,214
op 215 JFY #14 1200x2810 20x,00:10:26,215.0,6910,215
op 216 JFY #5.32 1200x3610,00:18:22,216.0,6911,216
op 217 JFY #13 1200x2810,00:01:02,217.0,6913,217
op 218 JFY #13 1200x2810,00:05:44,218.0,6914,218
op 219 JFY #13 1200x2810,00:07:13,219.0,6915,219
op 220 JFY #12 1500x3710,00:09:14,220.0,6916,220
op 221 JFY #3.16 1210x2820,00:19:36,221.0,6918,221
op 222 JFY #1.4 1210x4050,00:22:53,222.0,6919,222
op 223 JFY #1.4 1210x4050,00:56:22,223.0,6920,223
op 224 JFY #3.16 1210x2810,00:59:47,224.0,6921,224
OP 226 JFY #13 1210x2800,00:09:02,226.0,6922,226
OP 227 JFY #5.32 1210x4000,00:17:11,227.0,6923,227
OP 228 JFY #1.4 1210x4050,00:44:18,228.0,6924,228
OP 229 JFY #12 1210x3800 4x,00:05:08,229.0,6925,229
OP 230 JFY #3.16 1210x2810,00:29:11,230.0,6926,230
OP 231 JFY #5.32 1210x4000,02:39:04,231.0,6929,231
OP 232 JFY #5.32 1210x3210,00:29:43,232.0,6931,232
OP 233 JFY #12 1510x3710,00:25:25,233.0,6932,233
OP 234 JFY #5.32 1210x3010,00:12:46,234.0,6933,234
OP 235 JFY #12 1510x4010,00:20:53,235.0,6934,235
OP 236 JFY #13 1210x1010,00:03:14,236.0,6935,236
OP 237 JFY #3.16 1210x1010,00:04:03,237.0,6936,237
OP 238 JFY #11 1510x2500,00:08:30,238.0,6937,238
OP 239 JFY #3.16 1210x2800,00:14:46,239.0,6938,239
OP 240 JFY #12 1210x2510,00:06:07,240.0,6942,240
OP 241 JFY #14 1210x4000,00:10:42,241.0,6943,241
OP 242 JFY #14 1210x4000,00:06:04,242.0,6944,242
OP 243 JFY #3.16 1210x4040,00:53:44,243.0,6945,243
OP 244 JFY # 1.4 1200x 4050 4x,01:15:47,244.0,6946,244
op 245 JFY #5.32 1200x 4010,01:22:10,245.0,6947,245
OP 246 JFY # 5.32 1200x 4010,00:18:10,246.0,6948,246
OP 247 JFY # 12 1200x 4010 2x,00:06:02,247.0,6949,247
OP 248 JFY #1.4 1200x 4050,01:08:45,248.0,6950,248
OP 249 JFY #14 1200x 2800,00:12:23,249.0,6952,249
OP 250 JFY #14 1200x 3500,00:07:02,250.0,6953,250
OP 251 JFY #3.8 1200x 1470,00:24:21,251.0,6954,251
OP 252 JFY #3.8 1200x 1150,00:30:20,252.0,6955,252
OP 253 JFY #11 1500x3500 2x,00:16:22,253.0,6956,253
OP 254 JFY #11 1500x2500 2x,00:17:43,254.0,6958,254
OP 255 JFY #12 1100x2500,00:00:55,255.0,6959,255
OP 256 JFY #12 1210x3810 3x,00:03:34,256.0,6962,256
OP 257 JFY #5.32 1210x3610 2x,00:37:00,257.0,6963,257
OP 259 JFY #3.16 1210x4010,01:26:25,259.0,6964,259
OP 258 JFY #1.4 1210x4050 2x,00:39:10,258.0,6965,258
OP 260 JFY # 1.4 1210x4050,00:30:16,260.0,6967,260
op 261 JFY #14 1210 x 3510 8x,00:07:05,261.0,6969,261
op 262 JFY #14 1210 X 3510 8X,00:22:46,262.0,6970,262
OP 263 JFY #14 1210x3510 6x,00:04:12,263.0,6971,263
OP 264 JFY #14 1210x3510 25x,00:19:10,264.0,6972,264
OP 265 #14 1210x2810,00:03:24,265.0,6973,265
OP 266 #14 1210x2810 10x,00:09:59,266.0,6974,266
op 267 JFY #1.4 1200 x 4050 4x,00:48:03,267.0,6976,267
OP268 JFY #12 1500 X 2500,00:08:53,268.0,6977,268
OP269 JFY #12 1200 X 2500 8X,00:04:16,269.0,6978,269
op270 jfy #1.4 1200 x 4050,01:43:28,270.0,6979,270
OP271 JFY #1.4 1200 X 4050,00:50:20,271.0,6981,271
OP272 JFY #5.32 1200 X 4010,02:19:15,272.0,6982,272
OP273 JFY #5.32 1200 X 4010,00:52:25,273.0,6983,273
OP274 JFY #3.16 1200 X 2820,00:19:46,274.0,6985,274
OP275 JFY #3.16 1200 X 4040,00:32:22,275.0,6988,275
OP276 JFY #3.16 1200 X 4040,00:22:37,276.0,6989,276
OP277 JFY #3.16 1200 X 4040,01:39:22,277.0,6990,277
OP278 JFY #1.4 1200 X 4050,00:36:31,278.0,6991,278
OP279 JFY #1.4 1200 X 4050,00:30:01,279.0,6992,279
OP280 JFY #1.4 1200 X 4050,01:39:25,280.0,6993,280
OP281 JFY #14 1200 X 4000,00:06:00,281.0,6994,281
OP282 JFY #14 1200 X 4000,00:03:42,282.0,6995,282
OP283 JFY #14 1200 X 2800,00:11:25,283.0,6996,283
OP284 JFY #12 1210 X 3800,00:03:51,284.0,6997,284
op 285 JFY # 5.32 1200 x 4000,00:09:25,285.0,6998,285
op 287 JFY #14 1205 x 2810 6x,00:03:09,287.0,7001,287
op 286 JFY #1.4 1200 x 4050,00:40:06,286.0,7002,286
op 288 JFY #1.4 1200 x 4050,00:36:05,288.0,7003,288
op 289 JFY #3.19 1200 x 2800,00:11:00,289.0,7004,289
op 290 JFY #5.32 1200 x 4000,00:43:44,290.0,7005,290
op 291 JFY #11 1500 x 2500,00:23:53,291.0,7006,291
op 292 JFY #12 1500 x 3000,00:04:44,292.0,7007,292
op 293 JFY #12 1500 x 3000,00:04:10,293.0,7008,293
op 294 JFY #12 1500 x 3700,00:01:06,294.0,7009,294
op 295 JFY #12 1500 x 3700,00:04:02,295.0,7010,295
op 296 JFY #11 1500 x 2040,00:09:00,296.0,7011,296
op 297 JFY #11 1500 x 2800,00:10:32,297.0,7012,297
op 298 JFY #5.32 1200 x 3010,00:29:14,298.0,7013,298
op 299 JFY #13 1200 x 2800,00:11:28,299.0,7014,299
op 300 JFY #13 1200 x 2800,00:34:05,300.0,7015,300
OP 301 JFY #14 1210x3500 8x,00:05:35,301.0,7016,301
OP 302 JFY #14 1210x2800 24x,00:12:37,302.0,7017,302
op 303 JFY #11 1500 x 3500 2x,00:36:17,303.0,7020,303
op 306 JFY #3.16 1200 x 2820,00:34:06,306.0,7021,306
op 304 JFY #11 1500 x 2500 2x,00:20:24,304.0,7022,304
op 305 JFY #1.4 1200 x 4050,00:59:06,305.0,7023,305
OP 309 JFY 1210x3510 20x,00:15:21,309.0,7024,309
OP 307 JFY 1210x4010 2x,01:20:39,307.0,7025,307
OP 308 JFY 1210x3010,00:18:39,308.0,7026,308
OP 310 JFY 1210x4040,00:48:39,310.0,7031,310
OP 311 JFY #5.32 1210x4000,00:50:17,311.0,7032,311
OP 312 JFY #14 1210 x 3510 16x,00:47:00,312.0,7033,312
op 313 JFY #3.16 1200 x 4040,00:16:32,313.0,7035,313
op 314 JFY #3.16 1200 x 2800,00:38:35,314.0,7036,314
op 315 JFY #13 1200 x 2800,00:30:57,315.0,7037,315
op 316 JFY #5.32 1200 x 3210,00:18:35,316.0,7038,316
op 317 JFY #12 1500 x 3700,00:11:07,317.0,7040,317
op 318 JFY #5.32 1200 x 3620,00:32:11,318.0,7041,318
op 319 JFY #3.16 1200 x 4040,00:12:17,319.0,7042,319
op 320 JFY #5.32 1200 x 4000,00:11:21,320.0,7043,320
OP 321 JFY # 5.32 1210x3010,00:12:09,321.0,7044,321
OP 322 JFY # 13 1210x4010,00:09:12,322.0,7045,322
OP 323 JFY # 3.16 1210x4010,00:31:10,323.0,7046,323
OP 324 JFY # 1.4 1210x4050,02:09:27,324.0,7048,324
OP 325 JFY # 12 1510x3010,00:03:41,325.0,7049,325
OP 326 JFY # 14 1210x4010 9x,00:06:56,326.0,7050,326
OP 328 JFY #5.32 1200x3210 3x,00:43:50,328.0,7053,328
OP 327 JFY #3.16 1200x2820 3x,00:10:16,327.0,7055,327
op 329 # JFY 5.32 1200 x 3610 3x,01:20:02,329.0,7056,329
op 331 JFY # 12 1500 x 4000 6x,00:21:17,331.0,7057,331
op 332 JFY # 12 1200 x 4000,00:52:24,332.0,7058,332
op 333 JFY # 1.4 1200 x 4050,00:17:56,333.0,7059,333
op 334 JFY # 11 1500 x 2500,00:08:23,334.0,7060,334
op 335 JFY # 5.32 1210 x 4020,00:30:21,335.0,7061,335
op 336 JFY # 1.4 1200 x 4050,00:57:28,336.0,7062,336
op 337 JFY # 5.32 1200 x 3200,00:15:56,337.0,7063,337
op 338 JFY # 12 1500 x 4000,00:05:07,338.0,7064,338
op 339 JFY # 3.16 1200 x 2800,00:40:21,339.0,7065,339
op 340 JFY # 13 1200 x 2800 2x,01:05:57,340.0,7066,340
op 341 JFY # 14 1205 x 3510,00:10:12,341.0,7067,341
op 342 JFY # 5.32 1200 x 3610,00:51:57,342.0,7068,342
OP 343 JFY #13 1210x2810 24x,00:49:50,343.0,7069,343
OP 344 JFY #11 1510x3500 2x,00:23:32,344.0,7070,344
OP 345 JFY #11 1510x2500 2x,00:19:04,345.0,7071,345
OP 346 JFY #5.32 1210x3010 7x,00:31:27,346.0,7072,346
op 347 JFY #1.4 1200 x 3510,00:38:11,347.0,7073,347
op 348 JFY #1.4 1200 x 4050,00:39:40,348.0,7075,348
op 349 JFY #1.4 1200 x 4050,00:28:51,349.0,7076,349
op 350 JFY #3.16 1200 x 4040 4x,02:41:21,350.0,7077,350
op 351 JFY #1.4 1200 x 4050,00:35:20,351.0,7078,351
op 352 JFY #12 1500 x 3010,00:06:23,352.0,7079,352
op 353 JFY #12 1500 x 3010,00:04:58,353.0,7080,353
op 354 JFY #14 1210 x 3500 12x,00:08:49,354.0,7082,354
op 355 JFY #14 1210 x 3500 15x,00:17:39,355.0,7083,355
op 356 JFY #14 1210 x 2800 30x,00:17:59,356.0,7084,356
op 357 JFY #1.4 1200 x 4050,01:00:05,357.0,7085,357
op 358 JFY #3.16 1200 x 2820,01:17:35,358.0,7088,358
op 359 JFY #11 1500 x 2500 2x,00:25:37,359.0,7089,359
op 360 JFY #11 1500 x 3500,00:28:13,360.0,7090,360
op 361 JFY #13 1210 x 2810 20x,00:44:41,361.0,7091,361
op 362 JFY #5.32 1200 x 3010 10x,00:32:41,362.0,7092,362
op 363 JFY #3.8 1200 x 4000,02:39:28,363.0,7093,363
OP 364 JFY # 1.4 1200x4050,00:21:18,364.0,7094,364
OP 365 JFY # 12 1200x2500,00:11:40,365.0,7095,365
OP 366 JFY # 5.32 1210 x 4010,00:49:01,366.0,7098,366
OP 367 JFY # 1.4 1210 x 4050 4x,00:48:57,367.0,7100,367
OP 368 JFY # 12 1210 x 3800 3x,00:03:35,368.0,7102,368
OP 369 JFY # 1.4 1200 x 4050,00:41:02,369.0,7103,369
OP 370 JFY # 5.32 1200 x 3010,00:13:03,370.0,7104,370
OP 371 JFY # 14 1210 x 4000 9x,00:06:58,371.0,7105,371
OP 372 JFY # 25.4 430 x 1750,01:53:03,372.0,7106,372
OP 373 JFY # 12 1500 x 4000,01:26:56,373.0,7107,373
OP 374 JFY # 5.32 1200 x 4000 2x,00:34:35,374.0,7108,374
OP 375 JFY # 1.4 1200 x 4050 7x,02:07:30,375.0,7110,375
OP 376 JFY # 12 1510 x 2510 20x,00:11:05,376.0,7111,376
OP 377 JFY # 3.16 1200 x 4040 2x,00:28:19,377.0,7112,377
OP 378 JFY # 3.16 1200 x 2820 3x,00:18:42,378.0,7113,378
OP 379 JFY # 14 1200 x 3500 10x,00:06:48,379.0,7116,379
OP 380 JFY # 13 1210 x 2800 20x,00:47:08,380.0,7117,380
OP 381 JFY # 11 1510 x 2000 2x,00:23:23,381.0,7118,381
OP 382 JFY # 11 1510 x 2500 2x,00:31:51,382.0,7119,382
OP 383 JFY # 11 1510 x 3500 2x,00:33:30,383.0,7120,383
OP 384 JFY # 14 1200 x 3500,00:02:31,384.0,7121,384
OP 385 JFY # 5.32 1200 x 4000 2x,00:18:49,385.0,7122,385
OP 386 JFY #12 1210x3500 2x,00:04:11,386.0,7123,386
OP 387 JFY #5.32 1210x3200 2x,00:19:21,387.0,7124,387
OP 388 JFY #3.16 1210x2820 3x,00:21:13,388.0,7125,388
OP 389 JFY #1.4 1210x4050,00:18:28,389.0,7126,389
OP 390 JFY #14 1210x2800 20x,00:10:31,390.0,7127,390
OP 391 JFY # 3.16 1210x2820 8x,01:05:43,391.0,7128,391
OP 392 JFY # 5.32 1200 x 3600 6x,00:53:13,392.0,7132,392
OP 393 JFY # 3.16 1200 x 4040 6x,00:42:17,393.0,7138,393
OP 394 JFY # 3.16 1200 x 4040,01:42:13,394.0,7139,394
OP 395 JFY # 12 1510 x 3700 3x,00:39:16,395.0,7140,395
OP 396 JFY # 1.4 1200 x 4050 5x,01:26:08,396.0,7142,396
OP 397 JFY # 14 1210 x 3500 24x,00:44:04,397.0,7143,397
OP 398 JFY # 5.32 1200 x 4010,00:25:39,398.0,7145,398
OP 399 JFY # 3.16 1200 x 4040,00:24:36,399.0,7146,399
OP 400 JFY # 3.16 1200 x 4040 5x,01:50:04,400.0,7147,400
OP 401 JFY # 5.32 1200 x 3010 7X,00:25:19,401.0,7148,401
OP 402 JFY # 1.4 1200 x 4040 3x,01:08:37,402.0,7149,402
OP 403 JFY # 130x3985,00:01:15,403.0,7150,403
OP 404 JFY # 5.32 1200 x 4010 3x,00:35:34,404.0,7152,404
OP 405 JFY # 1.4 1200 x 4050 2x,00:37:53,405.0,7153,405
OP 406 JFY # 1.4 1200 x 4050 3x,00:36:58,406.0,7154,406
OP 407 JFY # 1.4 1200 x 4050 2x,00:34:18,407.0,7155,407
OP 408 JFY # 12 1500 x 3700 6x,00:06:35,408.0,7157,408
OP 409 JFY # 12 1500 x 3700 6x,00:04:50,409.0,7158,409
OP 410 JFY # 3.16 1200 x 2820,00:11:34,410.0,7161,410
OP 411 JFY # 3.16 1200 x 2820 8x,00:53:04,411.0,7162,411
OP 412 JFY # 3.8 1200 x 3000,00:49:39,412.0,7163,412
OP 413 JFY #12 1210x3800 3x,00:03:34,413.0,7164,413
Op 414 JFY #3.16 1200x4040,00:49:22,414.0,7165,414
Op 415 JFY # 1.4 1200 x 4050 2x,00:34:43,415.0,7167,415
Op 416 JFY # 1.4 1200 x 4050 2x,00:53:18,416.0,7168,416
Op 417 JFY # 1.4 1200 x 4050,00:36:14,417.0,7169,417
OP 418 JFY # 12 1510 x 3700 3x,00:38:06,418.0,7170,418
OP 419 JFY # 13 1210 x 3500 6x,00:06:15,419.0,7172,419
OP 420 JFY # 13 1210 x 3500 6x,00:20:18,420.0,7173,420
OP 421 JFY # 12 1500 x 4000 6x,01:02:50,421.0,7174,421
OP 422 JFY # 5.32 1200 x 4010 5x,00:59:17,422.0,7175,422
OP 423 JFY # 3.16 1200 x 4040 4x,01:28:03,423.0,7176,423
OP 424 JFY # 14 1210 x 3500 20x,00:37:28,424.0,7177,424
OP 425 JFY #5.32 1210 x 3200 2x,00:19:21,425.0,7178,425
OP 426 JFY # 5.32 1200 x 4010 2x,00:37:59,426.0,7179,426
OP 427 JFY 1200x4010,00:09:29,427.0,7181,427
OP 436 JFY # 12 1500 x 4000 2x,00:18:55,436.0,7199,436
OP 437 JFY # 12 1500 x 4000 4x,00:29:49,437.0,7200,437
OP 438 JFY # 3.16 1200 x 2800 2x,00:23:26,438.0,7201,438
OP 439 JFY # 3.16 1200 x 2800 5x,00:25:31,439.0,7202,439
OP 440 JFY # 5.32 1200 x 4000,00:11:08,440.0,7203,440
OP 441 JFY # 12 1500 x 4000 6x,02:02:37,441.0,7205,441
OP 442 JFY # 1.4 1200 x 4050 4x,00:49:30,442.0,7206,442
OP 443 JFY # 1.4 1200 x 4050 2x,00:28:57,443.0,7207,443
OP 444 JFY # 1.4 1200 x 4050 3x,00:29:12,444.0,7208,444
OP 445 JFY # 12 1210 x 3800 4x,00:10:44,445.0,7209,445
OP 446 JFY # 12 1210 x 4000 4x,00:07:22,446.0,7210,446
OP 447 JFY # 5.32 1200 x 3000,00:31:28,447.0,7211,447
OP 448 JFY # 14 1200 x 4000,00:08:04,448.0,7212,448
OP 449 JFY # 1.4 1200 x 4050 2x,00:35:43,449.0,7213,449
OP 450 JFY # 1.4 1200 x 4050 2x,00:45:20,450.0,7214,450
OP 451 JFY #1.2 1030 x 2030,00:58:01,451.0,7215,451
OP 452 JFY #13 1200 x 2800 20x,01:38:52,452.0,7216,452
OP 453 JFY #5.32 1200 x 3200 3x,01:26:16,453.0,7217,453
OP 454 JFY # 25.4 1200 x 1750,02:41:58,454.0,7219,454
OP 455 JFY # 14 1200 x 4000 2x,00:05:53,455.0,7222,455
OP 456 JFY # 14 1200 x 4000 9x,00:07:45,456.0,7223,456
OP 457 JFY # 1.4 1200 x 4050,00:15:42,457.0,7224,457
OP 458 JFY # 5.32 1200 x 3000,00:21:32,458.0,7225,458
OP 459 JFY # 13 1200 x 3520,00:04:45,459.0,7226,459
OP 460 JFY # 5.32 1200 x 4000 2x,01:31:23,460.0,7227,460
OP 461 JFY # 3.16 1200 x 2820 2x,00:12:50,461.0,7228,461
OP 462 JFY # 13 1200 x 2800,00:12:40,462.0,7229,462
OP 463 JFY # 13 1200 x 4000,00:02:14,463.0,7230,463
OP 464 JFY # 5.32 1200 x 3600,00:28:20,464.0,7233,464
OP 465 JFY # 5.32 1200 x 3600,00:19:50,465.0,7234,465
OP 466 JFY # 12 1500 x 3700,00:37:05,466.0,7235,466
OP 467 JFY # 12 1500 x 3000,00:41:06,467.0,7236,467
OP 468 JFY # 14 1200 x 3510,00:09:40,468.0,7237,468
OP 469 JFY #3.16 1200 x 4040 2x,00:42:11,469.0,7240,469
OP 470 JFY #3.16 1200 x 4040 2x,00:14:07,470.0,7241,470
OP 471 JFY #3.16 1200 x 4040,00:31:56,471.0,7242,471
OP 472 JFY # 1.4 1200 x 4050 2x,01:26:39,472.0,7243,472
OP 473 JFY # 5.32 1200 x 3000 4x,00:33:04,473.0,7244,473
OP 474 JFY # 14 595 x 1685,00:17:23,474.0,7247,474
OP 475 JFY # 3.8 1210 x 1400,00:48:47,475.0,7248,475
OP 476 JFY # 3.16 1200 x 4040 2x,00:27:51,476.0,7249,476
OP 477 JFY # 12 1500 x 3700 3x,00:27:28,477.0,7250,477
OP 478 JFY # 5.32 1200 x 4000 5x,01:20:37,478.0,7251,478
OP479 JFY #5.32 1200 X 3620,00:23:55,479.0,7253,479
OP480 JFY #12 1520 X 500,00:19:27,480.0,7254,480
OP481 JFY #5.32 1200 X 3620,00:13:32,481.0,7256,481
OP482 JFY #3.16 1200 X 4040,00:25:31,482.0,7258,482
OP483 JFY #1.4 1200 X 4050,00:28:12,483.0,7259,483
OP484 JFY #1.4 1200 X 4050,00:18:44,484.0,7260,484
OP485 JFY #13 1200 X 2800,00:11:28,485.0,7261,485
OP486 JFY #13 1200 X 2800,00:58:59,486.0,7262,486
op487 JFY #3.16 1200 X 4040,00:26:09,487.0,7263,487
OP488 JFY #1.4 1200 X 4050,00:51:20,488.0,7264,488
OP 489 JFY #1.4 1200X4050 4X,01:28:15,489.0,7265,489
OP 490 JFY #14 1210X3510 14X,00:55:03,490.0,7266,490
OP491 JFY #3.16 1200 X 4040,00:37:14,491.0,7270,491
OP492 JFY #14 1200 X 3500,00:04:21,492.0,7271,492
OP493 JFY #12 1200 X 3800,00:03:52,493.0,7272,493
OP494 JFY #14 1200 X 3500,00:20:52,494.0,7273,494
OP495 JFY #12 1200 X 2500,00:12:30,495.0,7274,495
OP496 JFY #12 1500 X2500,00:06:39,496.0,7275,496
OP500 JFY #1.4 1200 X 4050,00:32:28,500.0,7276,500
OP501 JFY #3.16 1200 X 2800,00:39:05,501.0,7277,501
OP 502 JFY # 3.16 1200 X 4000,00:08:11,502.0,7279,502
OP 503 JFY # 3.16 1200 x 4040 4x,02:08:48,503.0,7280,503
OP 504 JFY # 3.16 1200 X 4000,00:08:53,504.0,7281,504
OP 505 JFY # 1.4 1200 X 4050,01:10:41,505.0,7282,505
OP506 JFY #5.32 1200 X4010,00:09:14,506.0,7284,506
OP507 JFY #14 1200 X 3500,00:06:04,507.0,7286,507
OP 508 JFY # 3.16 1200 X 2820 3x,00:19:52,508.0,7288,508
op 509 JFY # 12 1500 x 4000 6x,00:21:17,509.0,7290,509
op 510 JFY # 1.4 1200 x 4050 2x,00:35:35,510.0,7291,510
op 511 JFY # 1.4 1200 x 4050 3x,01:24:15,511.0,7292,511
op 512 JFY # 11 1500 x 3000,00:16:13,512.0,7293,512
op 513 JFY # 3.16 1200 x 4040,00:32:10,513.0,7294,513
op 514 JFY # 5.32 1200 x 3610,00:40:33,514.0,7295,514
op 515 JFY # 5.32 1200 x 3610,00:27:26,515.0,7296,515
op 516 JFY # 11 1500 x 3000 3x,00:35:09,516.0,7300,516
op 517 JFY # 14 1200 x 3500,00:32:11,517.0,7302,517
op 518 JFY # 12 1210 x 4000 2x,00:02:31,518.0,7303,518
op 519 JFY # 5.32 1200 x 3600,00:11:07,519.0,7304,519
op 520 JFY # 1.4 1200 x 4050 2x,00:40:27,520.0,7305,520
op 521 JFY # 3.16 1200 x 2800,00:12:10,521.0,7306,521
op 522 JFY # 11 1500 x 3000 2x,00:21:56,522.0,7307,522
op 523 JFY # 11 1500 x 3000 4x,00:39:04,523.0,7308,523
op 524 JFY # 5.32 1200 x 3600 5x,00:42:47,524.0,7309,524
op 525 JFY # 5.32 1200 x 4005 3x,00:35:23,525.0,7310,525
op 526 JFY # 14 1210 x 2810 6x,00:06:01,526.0,7311,526
op 527 JFY # 14 1210 x 2810 6x,00:08:17,527.0,7312,527
op 528 JFY # 14 1210 x 4010,00:03:16,528.0,7313,528
op 529 JFY # 13 1210 x 3510,00:13:53,529.0,7314,529
op 530 JFY # 14 1210 x 4000,00:11:47,530.0,7315,530
op 531 JFY # 11 1510 x 3010,01:14:03,531.0,7316,531
OP 532 JFY #11 1500 x 3000 4x,00:28:13,532.0,7317,532
OP 533 JFY # 25.4 1140 x 1360,03:56:13,533.0,7318,533
OP 534 JFY # 13 1210 x 4000 2x,00:02:59,534.0,7321,534
OP 535 JFY # 5.32 1200 x 4000 3x,00:24:24,535.0,7322,535
OP 536 JFY # 3.16 1200 x 4000,00:27:04,536.0,7324,536
OP 537 JFY # 5.32 1200 x 4000,00:19:32,537.0,7325,537
OP 538 JFY # 5.32 1200 x 3200 3x,00:32:43,538.0,7326,538
OP 539 JFY # 12 1500 x 3000 12x,00:45:40,539.0,7327,539
OP 540 JFY # 1.4 1200 x 4050,00:35:56,540.0,7328,540
OP 541 JFY # 13 1200 x 3500,00:14:43,541.0,7329,541
OP 542 JFY # 1.4 1200 x 1890,00:13:51,542.0,7330,542
op544 JFY 1.4 280 X 1340,00:10:23,544.0,7331,544
OP545 JFY #1.4 280 X 1340,00:03:59,545.0,7332,545
OP546 JFY #1.4 280 X 1340,00:37:53,546.0,7333,546
OP 547 JFY # 3.8 1210 x 2335,01:05:38,547.0,7334,547
OP 548 JFY # 3.16 1200 x 4010 2x,00:37:49,548.0,7335,548
OP 549 JFY # 3.16 1200 x 2820,00:08:35,549.0,7336,549
OP 550 JFY # 12 1500 x 4000 3x,00:04:34,550.0,7338,550
op 551 JFY # 12 1500 x 4000 6x,00:21:17,551.0,7339,551
op 552 JFY # 1.4 1200 x 4050 4x,01:09:22,552.0,7341,552
op 553 JFY # 5.32 1200 x 4000 3x,00:52:03,553.0,7343,553
OP 554 JFY # 3.16 1200 x 4040 2x,00:29:51,554.0,7346,554
OP 555 JFY # 3.8 1210 x 3000 2x,02:36:43,555.0,7347,555
OP 556 JFY # 1.4 284 x 1350,00:05:09,556.0,7348,556
OP 557 JFY # 12 1500 x 3700 7x,00:09:47,557.0,7349,557
OP 558 JFY # 12 1500 x 3700 7x,00:07:44,558.0,7350,558
OP 559 JFY # 12 1500 x 4000 3x,00:04:46,559.0,7351,559
OP 560 JFY # 14 1210 x 2800 10x,00:05:57,560.0,7355,560
OP 561 JFY # 5.32 1200 x 4000,00:28:13,561.0,7356,561
OP 562 JFY # 3.16 1200 x 2820 2x,00:17:21,562.0,7357,562
OP 563 JFY # 14 1200 x 2800,00:07:33,563.0,7362,563
OP 564 JFY # 5.32 1200 x 4000 2x,00:41:30,564.0,7363,564
OP 565 JFY # 12 1500 x 4000,00:00:45,565.0,7364,565
OP 566 JFY # 12 1500 x 2500,00:02:33,566.0,7365,566
OP 567 JFY # 12 1500 x 2500 4x,00:11:58,567.0,7366,567
OP 568 JFY # 12 1500 x 2500,00:03:04,568.0,7367,568
OP 569 JFY # 3.16 1210 x 4040 4x,02:14:49,569.0,7369,569
OP 570 JFY # 5.32 1200 x 4040 5x,00:57:05,570.0,7370,570
OP 571 JFY # 5.32 1200 x 4040 3x,01:07:46,571.0,7371,571
OP 572 JFY # 3.16 1200 x 4040,00:48:13,572.0,7373,572
OP574 JFY #3.8 1200 X 3000,01:55:24,574.0,7374,574
OP573 JFY #3.16 1200 X 2820,00:18:13,573.0,7375,573
OP 575 JFY # 14 1200 x 2800,00:07:19,575.0,7377,575
OP 576 JFY # 5.32 1200 x 4040 5x,00:53:11,576.0,7379,576
OP 577 JFY # 5.32 1200 x 3000 8x,00:28:46,577.0,7380,577
OP 578 JFY # 13 1200 x 3500 5x,00:06:47,578.0,7381,578
OP 579 JFY # 13 1200 x 3500 5x,00:16:55,579.0,7382,579
OP 580 JFY # 12 1500 x 2510 20x,00:13:30,580.0,7383,580
OP 581 JFY # 5.32 1200 x 4010 2x,01:16:12,581.0,7384,581
OP 582 JFY # 3.16 1200 x 4040,00:42:50,582.0,7385,582
OP 583 JFY # 3.16 1200 x 2820,00:44:47,583.0,7386,583
OP 584 JFY # 3.16 1200 x 2820,00:11:14,584.0,7387,584
OP 585 JFY # 5.32 1200 x 4010 3x,00:29:13,585.0,7389,585
OP 586 JFY # 13 1200 x 2810 10x,00:11:21,586.0,7390,586
OP 587 JFY # 13 1200 x 2810 10x,01:35:42,587.0,7391,587
OP 588 JFY # 1.2 3000 x 1200,01:01:52,588.0,7392,588
OP 589 JFY # 3.16 1200 x 4040,00:08:35,589.0,7393,589
OP 590 JFY # 3.16 1200 x 4040 2x,01:06:27,590.0,7395,590
OP 591 JFY # 3.16 1200 x 4040 2x,00:14:45,591.0,7396,591
OP 592 JFY # 3.16 1200 x 2820 2x,00:25:49,592.0,7397,592
OP 593 JFY # 1.4 1210 x 2000,00:24:36,593.0,7401,593
OP 594 JFY # 1.4 285 x 1350,00:08:15,594.0,7402,594
OP 595 JFY # 3.16 1200 x 4040,00:14:45,595.0,7403,595
OP 596 JFY # 1.4 1200 x 2000,00:48:58,596.0,7404,596
OP 597 JFY # 1.4 1200 x 2000,00:23:16,597.0,7405,597
OP 598 JFY # 5.32 1200 x 4000,00:27:11,598.0,7406,598
OP 599 JFY # 14 1200 x 2800,00:04:53,599.0,7407,599
OP 600 JFY # 12 1500 x 3700,00:03:31,600.0,7408,600
OP 601 JFY # 11 1200 x 4010,00:19:43,601.0,7409,601
OP 602 JFY # 14 1200 x 3500,00:15:44,602.0,7410,602
OP 603 JFY # 14 1200 x 4000,00:02:17,603.0,7411,603
OP 604 JFY # 14 1200 x 4000,00:03:17,604.0,7412,604
OP 605 JFY # 5.32 1200 x 4000,00:34:55,605.0,7413,605
OP 606 JFY # 5.16 1500 x 3000 2x,03:50:04,606.0,7414,606
OP 607 JFY # 1.4 1200 x 2000,00:17:52,607.0,7415,607
OP 608 JFY # 3.16 1200 x 4040 3x,00:33:18,608.0,7419,608
OP609 JFY #12 1500 X 2500,00:01:33,609.0,7442,609
OP610 JFY #12 1500 X 2500,00:02:48,610.0,7443,610
OP611 JFY #1200 X 4010,00:36:26,611.0,7444,611
OP612 JFY #11 1500 X 3000,00:19:23,612.0,7445,612
OP613 JFY #5.32 1200 X 4010,00:40:27,613.0,7447,613
OP614 JFY # 3.16 1210 x 4040 4x,02:14:49,614.0,7450,614
OP615 JFY # 12 1510 x 3700,00:02:00,615.0,7451,615
OP616 JFY # 14 1210 x 3500,00:03:23,616.0,7452,616
OP617 JFY # 11 1510 x 3000,00:36:32,617.0,7453,617
OP618 JFY # 12 1210 x 2500,00:04:08,618.0,7454,618
OP619 JFY # 5.32 1210 x 4000,00:08:56,619.0,7455,619
OP620 JFY # 5.32 1210 x 4000,00:15:05,620.0,7456,620
OP621 JFY # 3.16 1210 x 4040,00:50:00,621.0,7457,621
OP622 JFY # 3.16 1210 x 4040,00:27:08,622.0,7458,622
OP 623 JFY # 3.16 1200 X 2820 3x,00:20:23,623.0,7459,623
OP 624 JFY # 5.32 1200 x 4010 2x,00:39:44,624.0,7460,624
OP625 JFY #1.4 1200 X 3000,00:49:55,625.0,7463,625
OP626 JFY #13 1200 X 2800,00:14:36,626.0,7464,626
OP627 JFY #1.4 1200 X 3000,01:00:32,627.0,7466,627
OP628 JFY #11 1500 X 3000,01:08:40,628.0,7473,628
op 629 JFY # 14 1210 x 2810 10x,00:07:49,629.0,7474,629
OP630 JFY #14 1200 X 2800,00:30:52,630.0,7475,630
OP631 JFY #5.16 1500 x 3000,01:09:04,631.0,7476,631
OP632 JFY #3.8 1200 X 3000,01:10:19,632.0,7478,632
op 633 JFY #12 1200x4000,00:02:55,633.0,7479,633
op 634 JFY #3.16 1200x2800,01:21:28,634.0,7513,634
op 635 JFY #13 1200x2800,00:08:21,635.0,7515,635
op 636 JFY #13 1200x2800,00:28:35,636.0,7516,636
op 637 JFY #13 1200x3500,00:08:37,637.0,7517,637
op 638 JFY #12 1500x2500,00:06:50,638.0,7518,638
op 639 JFY #1.4 1500x2850,00:37:17,639.0,7519,639
op 640 JFY #5.32 1200x4000,00:38:24,640.0,7520,640
op641 JFY #3.16 735 X 200,00:00:42,641.0,7550,641
OP 642 JFY # 3.16 1210 x 4040 4x,02:14:49,642.0,7551,642
op643 JFY #12 1200  X 2500,00:07:22,643.0,7555,643
OP644 JFY #12 1500 X 2510,00:16:09,644.0,7556,644
OP645 JFY #11 1500 X 3000,00:09:06,645.0,7557,645
OP646 JFY # 11 1510 x 3000,01:35:51,646.0,7559,646
OP647 JFY #14 1200 X 3500,00:02:20,647.0,7560,647
OP648 JFY #14 1200 X 3500,00:06:30,648.0,7561,648
OP649 JFY #5.32 1200 X 3000,00:13:20,649.0,7562,649
OP650 JFY #11 1500 X 3000,00:34:04,650.0,7564,650
OP652 JFY #13 1200 X 2800,00:41:38,652.0,7568,652
OP651 JFY #3.8 1200 X 500,00:32:06,651.0,7569,651
OP653 JFY #5.32 1200 X 3600,00:20:17,653.0,7570,653
OP654 JFY #1.4 117 X 1520,00:03:12,654.0,7574,654
OP655 JFY #5.32 1200 X 3010,00:43:17,655.0,7575,655
OP656 JFY #3.16 1200 X 2600,00:19:41,656.0,7579,656
OP657 JFY #5.32 1200 X 4000,00:44:34,657.0,7580,657
OP658 JFY #1.2 1200 x 1000,00:12:38,658.0,7581,658
OP659 JFY #13 1200 X 2800,00:27:34,659.0,7582,659
OP660 JFY #3.16 1200 X 2600,01:10:48,660.0,7583,660
OP661 JFY #12 1500 X 3700,00:21:57,661.0,7584,661
OP662 JFY #12 1200x4000,00:14:33,662.0,7588,662
OP663 JFY #12 1200 x 4000,00:33:21,663.0,7589,663
OP664 JFY #14 1200 X 4000,00:06:12,664.0,7590,664
OP665 JFY #14 1200 X 4000,00:04:03,665.0,7591,665
OP 666 JFY # 5.32 1200 x 4010,00:39:31,666.0,7592,666
OP666 FJY # 5.32 1200 x 4010,00:39:31,666.0,7592,666
OP667 JFY #5.16 1200 X 500,00:06:29,667.0,7593,667
OP668 JFY #3.16 1200 X 2600,00:19:43,668.0,7595,668
OP669 JFY 1200 X 4000,00:27:21,669.0,7598,669
OP670 JFY #12 1500 X 3000,00:27:12,670.0,7600,670
OP671 JFY #11 1500 X 3000,00:35:07,671.0,7601,671
OP672 #14 1200 X 3500,00:12:16,672.0,7602,672
OP673 JFY #5.32 1200 X 3620,00:35:32,673.0,7611,673
OP674 JFY #13 1200 2400,00:37:20,674.0,7612,674
OP675 JFY #13 1200 2800,00:42:46,675.0,7613,675
OP676 JFY #5.32 1200 X 4000,00:36:31,676.0,7615,676
OP677 JFY #5.32 1200 X 4000,00:26:36,677.0,7616,677
OP678 JFY #5.32 1200 X  4000,00:51:29,678.0,7617,678
OP679 JFY #5.32 1200 X  4000,00:19:56,679.0,7620,679
OP680 JFY #5.32 1200 X 4000,00:19:20,680.0,7623,680
OP681 JFY #5.32 1200 X 4000,00:20:26,681.0,7624,681
OP682 JFY #3.16 1200 X 3000,00:07:59,682.0,7631,682
OP683 JFY #14 1200 X 2800,00:08:46,683.0,7633,683
OP684 JFY #3.16 1200 X 3000,00:56:26,684.0,7634,684
OP685 JFY 5.16 140 X 800,00:00:48,685.0,7635,685
OP686 JFY #1.2 1200 X 1440,00:09:54,686.0,7636,686
OP687 JFY 750 X 260,00:02:05,687.0,7637,687
OP688 JFY #3.16 1200 X 3000,00:20:21,688.0,7638,688
OP689 JFY #1.4 1200 X 3500,00:37:04,689.0,7639,689
OP690 JFY #11 1500X3000,00:34:38,690.0,7640,690
OP691 JFY #11 1500X3000,01:07:06,691.0,7641,691
OP692 #12 1200X4000 20X,00:12:34,692.0,7642,692
OP693 #12 1200X4000 10,00:12:33,693.0,7643,693
OP694 #1.4 1200X3700,00:27:08,694.0,7644,694
OP695 JFY #1.4 1200 X 4050,01:44:45,695.0,7696,695
OP696 JFY #5.32 1200 X 4000,00:24:35,696.0,7697,696
OP697 JFY #5.32,00:36:16,697.0,7706,697
OP698 JFY #3.16 1200 X 2820,00:13:47,698.0,7708,698
OP700 JFY #3.16 1200 X 4040,00:17:12,700.0,7710,700
OP701 JFY #3.16 1200 X 4040,00:28:33,701.0,7712,701
OP702 #3.16 1200X4040,00:14:04,702.0,7724,702
OP703 JFY #3.16 1200 X 4040,00:41:17,703.0,7727,703
OP704 JFY #1.4 1200 x 40504x,01:00:46,704.0,7728,704
OP705 JFY #1.4 1200 x 4050,00:52:33,705.0,7729,705
OP706 JFY #3.16 1200 x 4040,01:50:57,706.0,7730,706
OP707 JFY #5.32 1200 x 4000,00:37:10,707.0,7731,707
op 709JFY # 12 1210 x 4010,00:11:21,709.0,7733,709
OP710 JFY #1.4 1200 X 4050,00:28:40,710.0,7734,710
OP708 JFY #3.4 1500 X2186,00:37:17,708.0,7736,708
OP711 JFY #12 1500 X 2500,00:17:35,711.0,7739,711
OP7122 JFY #5.32 1200 X 4000,00:58:31,7122.0,7741,7122
OP713 JFY #3.16 1200 X 4040,01:32:14,713.0,7742,713
OP714 JFY #1.4 1200 X 4050,00:46:16,714.0,7743,714
OP715 JFY #5.16 1200 X 2335,00:40:03,715.0,7744,715
op 716 JFY #12 1200x4000,00:09:35,716.0,7755,716
op 717 JFY # 12 1200 x 4000,02:50:20,717.0,7756,717
OP 718 JFY # 1.4 1200 x 4050,00:43:20,718.0,7757,718
OP 719 JFY # 11 1200 x 2000 3x,00:35:20,719.0,7758,719
OP 720 JFY #13 1200 x 2800 4x,00:43:41,720.0,7759,720
OP 721 JFY # 5.32 1200 x 4000,00:25:18,721.0,7760,721
OP 722 JFY # 11 1200 x 3500,00:53:13,722.0,7761,722
OP723 JFY #3.16 1200 X 4040,00:38:42,723.0,7763,723
OP724 JFY #3.16 1200 X 4040,00:18:32,724.0,7764,724
OP725 JFY #3.16 1200 X 4050,01:03:44,725.0,7765,725
OP726 #12 1200X2500 2X,00:28:11,726.0,7766,726
OP727 #5.32 1200X4000,00:20:25,727.0,7767,727
OP728 JFY #1.4 1200 X 4050,00:44:48,728.0,7773,728
OP729 JFY #3.16 1200 X 4040,00:11:57,729.0,7774,729
OP730 JFY #14 1200 X 3500,00:15:25,730.0,7775,730
OP731 JFY #14 1210 X 3510,01:04:40,731.0,7776,731
OP732 JFY #11 1500 X 4000,03:46:57,732.0,7778,732
OP733 JFY #11 1500 X 4000,00:26:16,733.0,7779,733
OP734  JFY #3.16 1200 X 4040,01:20:53,734.0,7780,734
OP735 JFY #1.4 1200 X 4050,00:44:04,735.0,7781,735
OP736 JFY #3.16 1200 X 4040,00:16:32,736.0,7784,736
OP737 JFY #1.4 1200 X 4050,00:40:36,737.0,7787,737
OP738 JFY #3.16 1200 X 4040,00:28:10,738.0,7788,738
OP739 JFY #11 1500 X 4000 3x,01:41:17,739.0,7789,739
OP740 JFY #5.32 1200 X 3000,00:19:37,740.0,7791,740
OP741 JFY 1200 X 4040,00:45:24,741.0,7794,741
OP742 JFY #3.16 1200 X 4040,00:42:38,742.0,7795,742
OP743 JFY #1.4 1200 X 4050,00:40:18,743.0,7798,743
OP744 JFY #11 1500 X 4000,01:25:46,744.0,7800,744
OP745 JFY #3.16 1200 X 4040,00:38:29,745.0,7801,745
OP746 JFY #1.4 1200 X 4050,00:31:27,746.0,7802,746
OP747 JFY #5.32 1200 X 4000,00:13:29,747.0,7803,747
OP748 #3.16 1200X4040 2X,00:17:15,748.0,7806,748
OP749 JFY #14 600 X 713,00:02:01,749.0,7807,749
OP750 JFY #1.4 1200 X 4050,00:48:47,750.0,7808,750
OP751 JFY #5.32 1200X 4000,01:05:06,751.0,7809,751
OP752 JFY #1.2 165 X 570,00:00:26,752.0,7810,752
OP753 JFY #5.32 1200 X 4000,00:21:33,753.0,7812,753
OP754 JFY #3.16 1200 X 4040,01:41:18,754.0,7813,754
OP755 JFY #3.16 1200 X 4040,00:57:58,755.0,7814,755
OP756 JFY #1.4 1200 X 4050,00:36:08,756.0,7815,756
OP757 JFY #3.16 1200 X 4040,01:02:11,757.0,7817,757
OP758 JFY #3.8 1200 X 820,00:18:31,758.0,7818,758
OP759 JFY #1.4 1200 X 4050,01:31:25,759.0,7820,759
OP760 JFY #3.8 1200 X 2180,00:21:48,760.0,7821,760
OP761 JFY #3.16 1200 X 2820,00:06:03,761.0,7823,761
OP762 JFY #3.16 1200 X 2820,00:17:28,762.0,7825,762
OP763 JFY #3.16 1200 X 2820,00:13:47,763.0,7826,763
OP764 JFY #1.4 1200 X 4050,00:20:31,764.0,7827,764
OP765 JFY #1.4 1200 X 4050,00:16:37,765.0,7828,765
OP766 JFFY #1.4 1200 X 4050,00:25:25,766.0,7831,766
OP767 JFY #1.4 1200 X 4050,00:16:56,767.0,7832,767
OP768 JFY #3.16 1200 X 2820,00:10:30,768.0,7833,768
OP769 JFY #3.4 890 X 335,00:02:25,769.0,7834,769
OP770 JFT #1.4 191 X 1200,00:01:13,770.0,7835,770
OP771 JFY #1.4 1200 X 4050,00:19:04,771.0,7838,771
OP772 JFY #12 1500 X 4000,00:02:48,772.0,7839,772
OP773 JFY #1.4 1200 X 4050,00:34:14,773.0,7840,773
OP774 JFY #11 1500 X 4000,00:38:00,774.0,7841,774
OP775 JFY #11 1500 X 4000,00:52:19,775.0,7842,775
OP776 #5.32 1200X3000,00:07:47,776.0,7843,776
OP777 #1.8 INOX 1250X4000,00:33:58,777.0,7846,777
OP778 JFY #1.4 1200 X 4050,01:30:28,778.0,7849,778
OP779 JFY #12 1500 X 3700,00:12:04,779.0,7850,779
OP780 JFY #11 1500 X 4000,00:09:05,780.0,7851,780
OP781 JFY #12 1500 X 3700,00:06:55,781.0,7852,781
OP782 JFY #1.4 1200 X 4050,01:06:24,782.0,7853,782
OP783 JFY #5.32 1200 X 4000,02:00:21,783.0,7854,783
OP784 JFY #14 1200 X 4000,00:14:30,784.0,7855,784
OP785 JFY #3.16 1200 X 4040,00:50:39,785.0,7857,785
OP786 JFY #11 1500 X 4000,00:44:02,786.0,7860,786
OP787 JFY #3.16 1200 X 2820,01:38:23,787.0,7861,787
OP788 JFY #14 1200 X 4000,00:29:00,788.0,7863,788
OP789 JFY #1.4 1200 X 4050,02:38:50,789.0,7865,789
OP790 JFY #5.32 1200 X 4000,00:38:47,790.0,7866,790
OP791 JFY #5.32 1200 X 4000,01:24:38,791.0,7867,791
OP792 JFY #5.32 1200 X 4000,00:53:31,792.0,7868,792
OP 793 JFY # 3.16 1210 x 4040 4x,01:50:56,793.0,7869,793
OP794 JFY #5.16 1200 2335,00:14:30,794.0,7870,794
OP796 JFY #3.4 810 X 300,00:00:45,796.0,7874,796
op795 JFY #1 1380 X 310,00:05:18,795.0,7875,795
OP797 JFY #5.32 1200 X 4000,01:03:55,797.0,7876,797
op798 JFY #12 1200 X 3800,00:03:35,798.0,7879,798
op799 JFY #1.4 1200 X 4050,00:22:25,799.0,7880,799
op800 JFY #1.4 1200 X 4050,00:54:45,800.0,7881,800
OP801 JFY #3.16 1200 X 4040,00:10:49,801.0,7883,801
OP802 JFY #3.16 1200 X 4040,00:38:00,802.0,7884,802
OP803 JFY #5.32 1200 X 4000,00:17:28,803.0,7885,803
OP804 JFY #1200 X 3500,00:35:31,804.0,7886,804
OP805 JFY #1200 X 3500,01:29:35,805.0,7887,805
OP806 #3.16 1200X4040,00:40:19,806.0,7894,806
OP807 #1.4 1200x4050,00:26:10,807.0,7895,807
OP808 JFY #1.4 1200X4050,00:26:27,808.0,7896,808
OP809 JFY #11 1500X4010,00:08:30,809.0,7897,809
OP810 JFY #5.32 1200X4010,00:22:23,810.0,7898,810
OP811 JFY #11 1500X4010,02:00:04,811.0,7899,811
OP812 JFY #3.16 1200 X 4040,01:13:30,812.0,7901,812
OP813 JFY #5.8 1800 X 2200,00:08:09,813.0,7903,813
OP814 JFY #1.2 1510 X 2170,00:22:50,814.0,7906,814
OP815 JFY #3.16 1200 X 2820,00:20:14,815.0,7907,815
OP816 JFY #11 INOX 1250 X 4000,00:18:41,816.0,7913,816
OP817 JFY #14 1200 X 2800,00:09:30,817.0,7917,817
OP818 JFY #1.4 1200 X 4050,00:53:18,818.0,7918,818
OP819 JFY #11 1500 X 4000,00:34:20,819.0,7919,819
OP820 JFY #5.32 1200 x 4010,00:34:20,820.0,7920,820
OP821 JFY #5.32 1200 X 3000,00:20:13,821.0,7921,821
OP822 JFY #5.32 1210X4000,00:40:21,822.0,7923,822
OP823 JFY #14 1200X3500 10X,01:08:22,823.0,7924,823
OP824 JFY #1.4 1200 X 4050,01:13:16,824.0,7931,824
OP825 JFY #1.4 1200 X 4050,01:20:33,825.0,7932,825
OP826 JFY #5.32 1200 X 4000,00:31:58,826.0,7933,826
OP827 JFY #3.16 1200 X 4040,00:48:59,827.0,7934,827
OP828 JKY #5.32 1200 X 4000,00:28:30,828.0,7935,828
OP829 JFY #1.4 1200 X 4050,00:40:07,829.0,7939,829
OP830 JFY #1.4 1200 X 4050,00:44:34,830.0,7945,830
OP831 JFY #1.4 1200 X 4050,00:22:26,831.0,7947,831
OP832 JFY #1.4 1200 X 4050,00:15:41,832.0,7949,832
OP833 JFY #1.4 1200 X 4050,00:37:59,833.0,7950,833
OP834 JFY #1.4 1200 X 4050,01:05:37,834.0,7951,834
OP835 JFY #1.4 1200 X 4050,00:21:13,835.0,7952,835
OP836 JFY #1.4 1200 X 4050,00:15:20,836.0,7953,836
OP837 JFY #1.4 1200 X 4050,00:14:15,837.0,7954,837
OP838 JFY #11 INOX 1250 X 4000,01:32:57,838.0,7958,838
OP839 JFY INOX #11 1250 X 4000,00:15:03,839.0,7959,839
OP840 JFY INOX #11 1250 X 4000,02:25:01,840.0,7962,840
OP841 JFY INOX #11 1250 X 4000,01:43:48,841.0,7965,841
OP842 JFY INOX #11 1250 X 4000,00:57:00,842.0,7966,842
OP843 JFY #1.4 1200 X 4050,00:31:05,843.0,7967,843
OP844 JFY #5.32 1200 X 4010,00:15:47,844.0,7968,844
OP845 JFY #3.16 1200 X 4040,01:01:25,845.0,7969,845
OP846 JFY #5.32 1200 X 4000,00:27:12,846.0,7975,846
OP847 JFY #3.16 130 X 1686,00:02:56,847.0,7976,847
OP848 JFY #1.4 1200 X 4050,00:11:45,848.0,7977,848
OP849 JFY #1.4 1200 X 4050,00:13:38,849.0,7979,849
OP850 JFY  #3.16 1200 X 4040,00:18:26,850.0,7980,850
OP851 JFY  #3.16 1200 X 4040,00:20:41,851.0,7981,851
OP852 JFY  #3.16 1200 X 2820,00:16:05,852.0,7982,852
OP853 JFY #3.16 1200 X 4040,00:55:16,853.0,7983,853
OP854 JFY 1200X4050,00:12:53,854.0,7986,854
OP855 JFY #1.4 1200 X 4050,01:05:51,855.0,7987,855
OP856 JFY #3.16 1200 X 4040,01:08:10,856.0,7988,856
OP857 JFY #1.4 1200 X 4050,00:29:05,857.0,7990,857
OP858 JFY #1.4 1200 X 4050,00:26:22,858.0,7991,858
OP859 JFY #1.4 1200 X 4050,00:28:24,859.0,7992,859
OP860 JFY #11 1500 X 4000,01:46:25,860.0,7997,860
OP861 JFY #1.4 1200 X 4050,06:49:53,861.0,7998,861
OP862 JFY #1.4 1200 X 4050,01:58:50,862.0,7999,862
OP863 JFY #5.8 1800 X 1400,00:13:14,863.0,8000,863
OP864 JFY #3.16 1200 X 2820,00:16:17,864.0,8001,864
OP865 JFY #11 1250 X 4000 INOX,00:29:46,865.0,8003,865
OP866 JFY #3.16 1200 X 4040,00:40:59,866.0,8005,866
OP867 JFY #1.2 1510 X 1320,00:18:04,867.0,8007,867
OP868 JFY #20 INOX 1200 X 4000,00:13:57,868.0,8008,868
OP869 JFY  INOX #16 1200 X 4000,00:46:27,869.0,8011,869
OP870 JFY INOX  #16 1200 X 4000,00:32:39,870.0,8012,870
OP871 JFY #12 1040 X 4000,01:33:25,871.0,8016,871
OP872 JFY #1 1200 X 1470,04:52:07,872.0,8019,872
OP873 JFY #5.32 1200 X 3010,07:09:07,873.0,8026,873
OP874 JFY #12 1500 X 4000,08:54:01,874.0,8027,874
OP875 JFY #1 1200 X 710,02:02:36,875.0,8028,875
OP876 JFY INOX #3.16 1200 X 4000,01:09:24,876.0,8031,876
OP877 JFY #3.16 1200 X 4040,00:42:20,877.0,8034,877
OP878 JFY #3.16 1200 X 4040,00:25:37,878.0,8036,878
OP879 JFY #3.16 1200 X 4040,00:18:53,879.0,8037,879
OP880 JFY #11 1500 X 4010,00:26:24,880.0,8038,880
OP881 JFY #1.4 1200 X 4050,00:44:35,881.0,8039,881
OP882 JFY #1.4 1200 X 4050,00:44:29,882.0,8041,882
OP883 JFY #1.4 1200 X 4050,00:50:45,883.0,8042,883
OP884 JFY INOX #1.4 12050 X 4000,00:51:25,884.0,8044,884
OP885 JFY #5.32 1200 X 4000,02:09:03,885.0,8048,885
OP886 JFY #5.32 1200 X 3000,00:16:47,886.0,8049,886
OP887 JFY #1.4 1200 X 4050,00:43:10,887.0,8051,887
OP888 JFY INOX #11 1250 X 4000,00:51:32,888.0,8053,888
OP889 JFY INOX #11 1250 X 4000,00:21:41,889.0,8054,889
OP890 JFY INOX #18 1250 X 2588,00:04:59,890.0,8055,890
OP891 JFY #13 1200 X 2800,01:00:29,891.0,8056,891
OP892 JFY INOX #5.16 355 X 344,00:02:04,892.0,8057,892
OP893 JFY INOX #3.16 1200 X 4000,01:01:01,893.0,8058,893
OP894 JFY INOX #5.16 754 X 333,00:12:57,894.0,8059,894
OP895 JFY  #14 1200 X 2800,00:06:48,895.0,8061,895
OP896 JFY INOX #14 1250 X 4000,00:13:51,896.0,8062,896
OP897 JFY #11 1500X4000 3X,01:11:59,897.0,8065,897
OP898  JFY INOX #14 1250 x 3000,00:10:41,898.0,8066,898
OP899 JFY INOX #14 1250 X 3000,00:38:53,899.0,8068,899
OP900 JFY INOX #18 1250 X 4000,00:13:24,900.0,8072,900
OP 901 JFY INOX # 16 1200 x 4000 5x,02:27:54,901.0,8077,901
OP 902 JFY INOX # 16 1200 x 4000,00:10:01,902.0,8078,902
OP903 JFY #5.16 1500 X 258,00:05:25,903.0,8079,903
OP 904 JFY INOX # 3.8 720 x 400,00:07:07,904.0,8082,904
OP 905 JFY INOX # 3.16 1200 x 4000,00:36:06,905.0,8086,905
OP906 JFY #1.4 1200 X 4050,00:41:16,906.0,8089,906
OP907 JFY #1200X4000,00:28:00,907.0,8091,907
OP908 #1.4 1200X4050,00:35:28,908.0,8092,908
OP909 JFY  #5.8 643 X 203,00:02:36,909.0,8094,909
OP910 JFY INOX #1.4 1250 X 301,00:12:46,910.0,8095,910
OP912 JFY #5.32 1200 X 4000,00:59:48,912.0,8096,912
OP913 JFY #5.32 1200 X 3000,00:09:29,913.0,8097,913
OP914 JFY INOX #16 1250 X 4000,02:16:29,914.0,8099,914
OP 915 JFY #3.16 1200 X 2820 8X,01:06:38,915.0,8103,915
OP 916 JFY #3.16 1200 X4040,00:04:55,916.0,8104,916
OP 917 JFY #3.16 1200 X 4040,00:14:17,917.0,8105,917
OP 918 JFY #1.4 1200 x 4050,00:28:24,918.0,8106,918
OP 919 JFY #14 1200 x 4000,00:15:35,919.0,8107,919
OP 920 JFY #1.4 1200 x 4050,00:37:31,920.0,8109,920
OP 921 JFY #1.4 1200 x 4050,00:13:49,921.0,8110,921
OP 922 JFY #3.16 1250 x 4000,00:14:52,922.0,8112,922
OP 923 JFY #18 1250 x 4000,00:06:13,923.0,8114,923
OP 924 JFY #14 1250 x 3000,00:09:58,924.0,8115,924
OP 925 JFY #16 1250 x 4000,00:11:27,925.0,8116,925
OP 926 JFY #20 1250 x 4000,00:02:26,926.0,8117,926
OP 927 JFY #20 1250 x 4000,00:01:41,927.0,8118,927
OP 928 JFY #20 1250 x 4000,00:02:24,928.0,8119,928
OP 929 JFY #1.4 1200 x 4050,00:20:43,929.0,8120,929
OP 930 JFY #1.4 1200 x 4050,00:44:17,930.0,8121,930
OP 931 JFY #1.4 1200 x 4050,00:27:45,931.0,8122,931
OP 932 JFY #1.4 1200 x 4050,00:21:09,932.0,8123,932
OP 933 JFY #3.16 1200 x 4040,00:16:52,933.0,8125,933
OP 934 JFY #3.16 1200 x 4040,00:13:54,934.0,8127,934
OP935 JFY INOX #18 1250 X 2190,00:03:39,935.0,8128,935
OP936 JFY INOX #14 1250 X 3000,02:51:44,936.0,8129,936
OP937 JFY INOX #3.8  215 X 1330,00:11:06,937.0,8131,937
OP938 JFY INOX #14 1250 X 300,00:01:43,938.0,8135,938
OP939 JFY INOX #3.16 1250 X 1010,01:46:08,939.0,8136,939
OP940 JFY #5.16 1200 X 1500,01:34:24,940.0,8137,940
OP941 JFY INOX #3.16 1250 X 526,00:47:22,941.0,8138,941
OP942 JFY INOX #1.4 1250 X 3330,00:58:09,942.0,8139,942
OP943 JFY #1.2 1500 X 2990,01:02:57,943.0,8140,943
OP944 JFY #1.4 1200 X 4050,00:51:28,944.0,8141,944
OP945 JFY #1.2 1500 X 2990,01:03:13,945.0,8142,945
OP946 JFY #11 1500 X 4000,02:05:30,946.0,8144,946
OP947 JFY #11 1500 X 4000,02:05:30,947.0,8145,947
OP949 JFY #3.16 1200 X 4040,01:25:10,949.0,8148,949
OP 950 JFY # 11 1500 x 4000 5x,00:23:14,950.0,8150,950
OP951 JFY #1 1220 X 750,02:17:35,951.0,8151,951
OP952 JFY INOX #3.8  800 X 1900,00:35:36,952.0,8153,952
OP953 JFY INOX 1250X4000,00:45:57,953.0,8154,953
OP954 JFY #7.8 1215 X 590,00:54:41,954.0,8155,954
OP955 JFY #11 1250 X 4000,08:04:13,955.0,8157,955
OP956 JFY INOX #16 1250 X 4000,09:38:52,956.0,8158,956
OP957 JFY INOX #16 1250 X 4000,22:00:34,957.0,8159,957
OP958 JFY INOX #16 1250 X 4000,20:01:59,958.0,8160,958
OP959 JFY #20 1250X2925 INOX,03:24:09,959.0,8161,959
OP 960 JFY INOX # 11 1250 x 4000 4x,01:47:55,960.0,8162,960
OP 961 JFY INOX # 16 1250 x 4000 5x,00:52:55,961.0,8165,961
OP 962 JFY INOX # 11 1250 x 4000,00:14:35,962.0,8166,962
OP 963 JFY INOX # 16 1250 x 4000 2x,00:26:10,963.0,8167,963
OP 964 JFY INOX # 16 1250 x 4000 3x,00:24:55,964.0,8169,964
OP966 #11 1250X4000,00:22:02,966.0,8170,966
OP967 #11 INOX 1250X4000,00:10:10,967.0,8171,967
OP968 # 3.16 1200X2820,00:05:41,968.0,8172,968
OP969 JFY INOX #20 1000 X 2930,00:09:33,969.0,8173,969
OP 970 JFY # 5.16 1200 x 530,00:16:59,970.0,8174,970
OP 971 JFY INOX # 11 1250 x 4000,00:16:48,971.0,8176,971
OP 972 JFY INOX # 11 1250 x 4000,00:18:14,972.0,8177,972
OP 973 JFY INOX # 11 1250 x 4000,00:12:33,973.0,8181,973
OP 974 JFY INOX # 3.8 400 x 635,00:07:07,974.0,8182,974
OP 975 JFY INOX # 1.4 1250 x 950,00:13:17,975.0,8185,975
OP 976 JFY INOX # 3.16 1250 x 1655,00:18:08,976.0,8186,976
OP 977 JFY # 7.8 470 x 1280,00:46:01,977.0,8187,977
OP 978 JFY INOX # 14 1250 x 2000,00:08:22,978.0,8190,978
OP 979 JFY INOX # 11 1250 x 2370,00:10:08,979.0,8193,979
OP 980 JFY INOX # 1.4 1250 x 1775,00:46:19,980.0,8195,980
OP 981 JFY INOX # 11 1250 x 4000 3X,00:38:32,981.0,8196,981
OP 982 JFY INOX # 16 1250 x 3000 5X,00:38:31,982.0,8198,982
OP 983 JFY INOX # 16 1250 x 3000 7X,01:55:38,983.0,8200,983
OP 984 JFY INOX # 18 1000 x 3335,00:05:01,984.0,8202,984
OP985 JFY #3.16 1200 X 4040,00:09:41,985.0,8205,985
OP986 JFY #5.32 1200 X 4000,01:06:28,986.0,8206,986
OP988 JFY #5.32 1200 X 4000,01:09:12,988.0,8207,988
OP987 JFY #5.32 1200 X 4000,01:13:57,987.0,8208,987
OP989 JFY INOX 1.4 1250 X 1773,00:08:50,989.0,8209,989
OP990 JFY #5.32 1210 X 4000,00:22:16,990.0,8212,990
OP991 JFY #5.32 1210 X 4000,00:53:15,991.0,8213,991
OP992 JFY #3.16 1200 X 4040,01:20:24,992.0,8214,992
OP993 JFY INOX #16 1250 X 3000,01:50:54,993.0,8215,993
OP994 JFY #5.32 1200 X 3000,00:10:49,994.0,8220,994
OP995 JFY #1 430 X 1255,00:04:42,995.0,8222,995
OP996 JFY #5.32 1200 X 4000,00:22:48,996.0,8224,996
OP997 JFY #3.16 1200 X 4040,00:35:34,997.0,8225,997
OP998 JFY INOX #16 1250 X 3050,00:01:16,998.0,8227,998
OP999 JFY INOX #3.4 830 X 1060,00:03:49,999.0,8228,999
OP1000 JFY #3.8 1200 X 720,00:09:06,1000.0,8230,1000
OP1001 JFY #1.2 1200 X 875,00:09:45,1001.0,8232,1001
OP1002 JFY INOX #1.4 1250 X 640,00:35:02,1002.0,8234,1002
OP1003 JFY INOX #3.16 1250 X 830,00:09:36,1003.0,8235,1003
OP1004 JFY INOX #16 1250 X 4000,01:05:13,1004.0,8236,1004
OP1005 JFY INOX #1250 X 3020,00:06:02,1005.0,8237,1005
OP1006 JFY INOX #11 1250 X 3020,01:00:17,1006.0,8238,1006
OP1007 JFY INOX #18 1250 X 3300,00:04:23,1007.0,8239,1007
OP1008 JFY INOX #18 1250 X 3300,00:06:30,1008.0,8240,1008
OP1009 JFY INOX #1.4 1250 X 450,00:24:36,1009.0,8241,1009
OP1010 JFY INOX #18 1250 X 2800,00:04:45,1010.0,8242,1010
OP1011 JFY #11 1500 X 4000,03:32:01,1011.0,8244,1011
OP1012 JFY INOX #3.16 1250 X 500,00:05:43,1012.0,8245,1012
OP1013 JFY #5.32 1200 X 3000,00:07:12,1013.0,8247,1013
OP1014 JFY INOX #16 1250 X 4000,00:21:03,1014.0,8248,1014
OP1015 JFY #11 1500 X 4000,02:42:34,1015.0,8250,1015
OP1016 JFY INOX #18 1000 X 4010,00:05:41,1016.0,8255,1016
OP1017 JFY #14 1200 X 4000,00:29:46,1017.0,8256,1017
OP1018 JFY #3.4 132 X 70,00:00:14,1018.0,8259,1018
OP1019 JFY INOX #3.16 1250 X 194,00:11:33,1019.0,8261,1019
OP1020 JFY INOX #3.16 657 X 378,00:11:55,1020.0,8262,1020
OP1021 JFY #14 1200 X 4000,01:42:17,1021.0,8263,1021
OP1022 JFY INOX #20 1000 X 3020,00:02:14,1022.0,8264,1022
OP1023 JFY INOX #20 1000 X 2868,00:02:57,1023.0,8265,1023
OP1024 JFY INOX #3.8 1050 X 2215,00:12:35,1024.0,8267,1024
OP1025 JFY #1.4 1200 X 4050,00:08:16,1025.0,8268,1025
OP1026 JFY #5.32 1210X4000,01:22:06,1026.0,8269,1026
OP1027 #11 1250X1830 INOX,00:06:42,1027.0,8271,1027
OP1028 JFY #1.4 1200X4050 4X,00:20:05,1028.0,8272,1028
OP1029 JFY #3.16 550X870,00:04:39,1029.0,8273,1029
OP1030 JFY #1.2 1200 X 3000,02:47:14,1030.0,8275,1030
OP1031 JFY INOX #1.2 1200 X 3000,00:05:15,1031.0,8276,1031
OP1032 JFY INOX #1.2 1200 X 4000,00:02:21,1032.0,8277,1032
OP1033 JFY  #25.4 780 X 1800,03:58:29,1033.0,8279,1033
OP 1034 JFY  # 14 1200 X 4000 2X,00:06:22,1034.0,8281,1034
OP 1035 JFY  # 12 1500 X 3700,00:09:32,1035.0,8282,1035
OP 1036 JFY INOX # 11 1250 X 4000,00:12:35,1036.0,8285,1036
OP 1037 JFY # 3.16 1200 x 2800,00:24:51,1037.0,8286,1037
OP 1038 JFY # 13 1200 x 3500,00:05:28,1038.0,8287,1038
OP 1039 JFY #1.2 1200 x 3000,00:29:22,1039.0,8288,1039
OP 1040 JFY INOX # 16 1250 x 3000 2X,00:43:27,1040.0,8290,1040
OP 1041 JFY INOX # 16 1250 x 4000 3X,00:18:57,1041.0,8291,1041
OP 1042 JFY # 1.4 1200 x 4050,00:36:30,1042.0,8293,1042
OP 1043 JFY # 5.32 1200 x 3000,00:13:30,1043.0,8294,1043
OP 1044 JFY INOX # 11 1250 x 2200,00:03:14,1044.0,8295,1044
OP 1045 JFY # 3.8 1500 x 450,00:35:31,1045.0,8296,1045
OP 1046 JFY # 1.4 1200 x 4050,00:41:00,1046.0,8298,1046
OP 1047 JFY INOX # 5.16 230 x 350,00:01:38,1047.0,8299,1047
OP 1048 JFY INOX # 3.16 140 x 980,00:00:43,1048.0,8300,1048
OP 1049 JFY # 5.8 150 x 320,00:03:56,1049.0,8301,1049
OP 1050 JFY # 12 1200 x 3800 2X,00:07:53,1050.0,8302,1050
OP 1051 JFY INOX # 16 1250 x 4000,00:05:01,1051.0,8304,1051
OP 1052 JFY # 12 1200 x 3800 2X,00:07:35,1052.0,8305,1052
OP 1053 JFY # 11 1500 x 4000,00:20:46,1053.0,8307,1053
OP 1054 JFY # 12 1500 x 3000,00:07:56,1054.0,8309,1054
OP 1055 JFY INOX # 3.16 1250 x 2040,00:24:55,1055.0,8315,1055
OP 1056 JFY INOX # 3.16 1100 x 2200,00:21:03,1056.0,8317,1056
OP 1057 JFY # 5.32 1200 x 3000,00:27:59,1057.0,8318,1057
OP 1058 JFY INOX # 3.16 720 x 110,00:00:34,1058.0,8320,1058
OP 1059 JFY INOX # 11 1250 x 80,00:06:06,1059.0,8321,1059
OP1060 JFY #1.4 500X210 INOX,00:01:07,1060.0,8322,1060
OP1061 JFY #3.16 1250 X 3000 INOX,00:10:39,1061.0,8323,1061
OP1062 JFY #11 1250 X 2000 INOX,00:02:59,1062.0,8324,1062
OP1063 JFY #1.4 1200 X 4050,00:41:47,1063.0,8325,1063
OP1064 JFY #5.32 1200 X 4000,00:34:39,1064.0,8328,1064
OP1065 JFY #5.32 1200 X 4000,00:33:00,1065.0,8329,1065
OP1066 JFY #5.32 1200 X 4000,00:22:04,1066.0,8330,1066
OP2800 LASER #1.4 1200 x 4040,00:09:05,2800.0,8331,2800
OP1067 JFY #1.2 1500 X 4000,00:16:01,1067.0,8332,1067
OP1068 JFY #3.16 1200 X 4040,01:17:28,1068.0,8333,1068
OP1069 JFY #13 1200 X 3500,00:04:55,1069.0,8335,1069
op1070 JFY INOX #11 1250 X 1660,03:42:18,1070.0,8336,1070
op1071 JFY INOX #11 1250 X 1660,05:52:25,1071.0,8337,1071
op1072 JFY #5.16 1200 X 300,00:01:52,1072.0,8338,1072
OP 1073 JFY # 14 1200 x 4000,00:06:09,1073.0,8340,1073
OP 1074 JFY INOX # 11 1250 x 1640,03:41:15,1074.0,8341,1074
OP 1075 JFY # 11 1500 x 4000,00:09:24,1075.0,8342,1075
OP 1076 JFY INOX # 11 1250 x 4000,00:34:08,1076.0,8344,1076
OP 1077 JFY # 5.8 350 x 310,00:12:21,1077.0,8345,1077
OP 1078 JFY # 3.16 150 x 300,00:02:17,1078.0,8346,1078
OP 1079 JFY INOX # 1.4 1055 x 665,00:03:34,1079.0,8347,1079
OP 1080 JFY # 1.4 1200 x 4050,00:10:28,1080.0,8350,1080
OP 1081 JFY #3.16 1200 x 4040,00:52:25,1081.0,8351,1081
OP 1082 JFY #1.5 1250 x 4000,00:03:26,1082.0,8352,1082
OP 1083 JFY #1.4 1200 x 4050,00:26:21,1083.0,8353,1083
OP 1084 JFY #5.32 1200 x 4000,00:27:32,1084.0,8355,1084
OP 1085 JFY #5.32 1200 x 3000,00:10:23,1085.0,8356,1085
OP 1086 JFY #12 1200 x 4000,00:07:26,1086.0,8358,1086
OP1087 JFY #13 1200X3500,00:16:42,1087.0,8361,1087
OP1088 JFY #11 1250X4000,00:01:51,1088.0,8362,1088
OP1089 JFY #1.4 INOX 285X725,00:07:16,1089.0,8366,1089
OP1090 #3.75 1000X200,00:01:47,1090.0,8367,1090
OP1091 #6.35 1200X4050,00:43:41,1091.0,8368,1091
OP1092 #6.35 1200X4050,01:50:21,1092.0,8369,1092
OP1093 JFY # 11 INOX 1250X1310,00:39:56,1093.0,8370,1093
OP1094 #3.16 1200X4040,00:18:44,1094.0,8371,1094
OP1095 #1.4 1200X4000,00:02:27,1095.0,8372,1095
OP1096 #1.4 1200X4000,00:00:53,1096.0,8373,1096
OP1097 #1.4 1200X4050,00:18:48,1097.0,8375,1097
OP1098 #5.32 1200X4000,00:38:57,1098.0,8376,1098
OP1099 JFY #3.8 495X2990,00:05:31,1099.0,8378,1099
OP1100 JFY # 3.8 1520X470,00:05:50,1100.0,8379,1100
OP1101 JFY #3.8 1515X555,00:10:34,1101.0,8380,1101
OP1102 JFY #1.2 740X1220,00:03:29,1102.0,8381,1102
OP1103 JFY#5.16 146X630,00:03:00,1103.0,8382,1103
OP1104 JFY #3.16 120X585,00:01:23,1104.0,8383,1104
OP1105 JFY #3.16 1200X2800,00:10:21,1105.0,8384,1105
OP1106 JFY INOX #1.4 500X720,00:02:11,1106.0,8386,1106
OP1107 JFY  #25.4 510X550,00:03:59,1107.0,8388,1107
OP1108 JFY  #1.4 1200X4050,00:27:48,1108.0,8391,1108
OP1109 JFY  #5.32 1200X4000,00:55:13,1109.0,8392,1109
OP1110 JFY  #5.32 1200X4000,00:23:52,1110.0,8393,1110
OP1111 JFY  #3.16 1200X2800,00:17:14,1111.0,8395,1111
OP1112 JFY #5.32 1200X3000,00:17:47,1112.0,8396,1112
OP1113 JFY INOX #11 1250X700,00:05:36,1113.0,8397,1113
OP1114 JFY INOX #11 1250X4000,00:10:12,1114.0,8398,1114
OP1115 JFY  #5.16 1200X3000,00:02:45,1115.0,8399,1115
OP1116 JFY  #INOX 16 1200X3000,00:03:17,1116.0,8400,1116
OP1117 JFY #5.16 1200X200,00:04:40,1117.0,8401,1117
OP1118 JFY #3.16 1200X400,00:02:28,1118.0,8402,1118
OP1119 JFY #3.16 130X530,00:04:02,1119.0,8403,1119
OP1120 JFY #11 300X300,00:00:53,1120.0,8404,1120
OP1121 JFY # 3.8 200X100,00:00:43,1121.0,8405,1121
OP1122 JFY #11 200X900,00:03:24,1122.0,8406,1122
OP1123 JFY #1.5 550x3000 inox,00:06:01,1123.0,8407,1123
OP1127 JFY #7.8 990X750,01:09:50,1127.0,8408,1127
OP1128 JFY #13 1200X4000,00:06:19,1128.0,8409,1128
OP1129 JFY #5.32 1200X4000,00:34:23,1129.0,8410,1129
OP1130 JFY #3.16 1200X4040,00:26:40,1130.0,8411,1130
OP1132 JFY #11 180X155,00:00:44,1132.0,8412,1132
OP1133 JFY #16 1500X1250,00:00:27,1133.0,8413,1133
OP1134 JFY #5.16 400X80,00:02:09,1134.0,8416,1134
OP1135 JFY #16 4000X1500,00:02:28,1135.0,8417,1135
OP1136 JFY #5.32 4000X1200,00:42:21,1136.0,8419,1136
OP1137 JFY #5.32 4000X1200,00:22:48,1137.0,8420,1137
OP1138 JFY #5.32 4000X1200,00:28:44,1138.0,8421,1138
OP1139 JFY #3.16 4040X1200,00:24:02,1139.0,8422,1139
OP1140 JFY #1.4 1200 X 4050,00:27:22,1140.0,8424,1140
OP1141 JFY #1.4 1200 X 4050,00:20:29,1141.0,8425,1141
OP1142 JFY #5.32 1200 X 4000,00:18:21,1142.0,8427,1142
OP1143 JFY #5.32 1200 X 4000,01:06:56,1143.0,8428,1143
OP1144 JFY #5.32 1200 X 4000,00:07:57,1144.0,8429,1144
OP1145 JFY #3.16 1200 X 4040,00:14:53,1145.0,8431,1145
OP1146 JFY #3.16 1200 X 4040,00:12:09,1146.0,8432,1146
OP1147 JFY #3.16 1200 X 4040,00:46:30,1147.0,8433,1147
OP1148 JFY #3.16 1200 X 4040,00:40:03,1148.0,8434,1148
OP1149 JFY #1.4 1200 X 4050,00:32:55,1149.0,8436,1149
OP1150 JFY #3.16 1200 X 4040,00:47:23,1150.0,8437,1150
OP1151 JFY #3.16 1200 X 4040,00:47:14,1151.0,8438,1151
OP1152 JFY #3.16 1200 X 2820,00:10:53,1152.0,8439,1152
OP1153 JFY #11 1500 X 4000,00:27:18,1153.0,8440,1153
OP1155 JFY #3.16 1200 X 2820,01:10:49,1155.0,8441,1155
OP1156 JFY #3.16 1200 X 2820,00:48:53,1156.0,8442,1156
OP1157 JFY #11 INOX 1240 X 2061,00:05:50,1157.0,8443,1157
OP1158 JFY #3.8 1200 X 4000,00:41:03,1158.0,8445,1158
OP1159 JFY #5.16 1200 X 2480,00:19:48,1159.0,8446,1159
OP1160 JFY #3.8 1500 X 4000,00:53:58,1160.0,8451,1160
OP1161 JFY #12 1200 X 3800,00:20:18,1161.0,8452,1161
OP1162 JFY #12 1200 X 3800,00:19:17,1162.0,8455,1162
OP1163 JFY #12 1500 X 2500,00:25:32,1163.0,8456,1163
OP1164 JFY #12 1200 X 3800,00:12:45,1164.0,8457,1164
OP1165 JFY INOX #3.16 1200 X 690,00:18:32,1165.0,8458,1165
OP1166 JFY #1.4 1200 X 1981,00:10:30,1166.0,8459,1166
OP1167 JFY #1.4 1200 X 4050,00:23:29,1167.0,8460,1167
OP1168 JFY #3.16 1200X2820,00:17:01,1168.0,8461,1168
OP1169 JFY #3.8 1200 X 180,00:04:34,1169.0,8462,1169
OP1171 JFY #1.4 1200 X 4050,00:36:02,1171.0,8463,1171
OP1172 JFY #3.16 1200 X 2800,00:21:10,1172.0,8465,1172
OP1173 JFY INOX #3.16 1200 X 1430,00:21:19,1173.0,8466,1173
OP1174 JFY #1.4 1500 X 1800,00:15:42,1174.0,8467,1174
OP1175 JFY #1.4 1500 X 1500,00:13:16,1175.0,8468,1175
OP1176 JFY #11 1250 X 4000,00:20:54,1176.0,8470,1176
OP1177 JFY  INOX #11 1250 X 4000,00:09:47,1177.0,8471,1177
OP1178 JFY #1.4 1200 X 4050,00:28:03,1178.0,8472,1178
OP1179 JFY  #1.2 1200 X 1515,00:14:08,1179.0,8474,1179
OP1180 JFY  #1.2 1200 X 1515,00:21:30,1180.0,8475,1180
OP1181 JFY INOX #14 1200 X 2800,00:19:11,1181.0,8476,1181
OP1182 JFY #5.32 1200 X 4000,00:14:10,1182.0,8477,1182
OP1183 JFY #3.16 1250 X 580,00:08:26,1183.0,8479,1183
OP1184 JFY INOX #12 1200 X 1358,00:11:50,1184.0,8480,1184
OP1185 JFY INOX #16 1200 X 4000,02:02:22,1185.0,8481,1185
OP1186 JFY INOX #11 1250 X 3000,00:32:52,1186.0,8482,1186
OP1187 JFY INOX #11 1250 X 4000,01:07:51,1187.0,8483,1187
OP1188 JFY #1.4 1200 X 4050,00:15:05,1188.0,8484,1188
OP1189 JFY #1.4 1200 X 4050,00:41:23,1189.0,8485,1189
OP1190 JFY #1.4 1200 X 4050,00:12:29,1190.0,8486,1190
OP1191 JFY #14 1200 X 2810,00:35:34,1191.0,8487,1191
OP1192  JFY #14 1200 X 3510,00:14:14,1192.0,8488,1192
OP1193  JFY #14 1200 X 3510,00:14:13,1193.0,8489,1193
OP1194 JFY #14 1200 X 3510,00:03:44,1194.0,8490,1194
OP1195 JFY #3.16 1200 X 4040,00:33:21,1195.0,8491,1195
OP1196 JFY INOX #18 1500 X 4000,00:02:15,1196.0,8492,1196
OP1197 JFY INOX #12 1040 X 1630,00:13:01,1197.0,8495,1197
op1198 JFY #1.4 1200 X 4050,00:17:41,1198.0,8496,1198
OP1199 JFY #11 1500 X 4000,00:25:46,1199.0,8497,1199
OP1200 JFY INOX #11 1250 X 2000,00:06:52,1200.0,8499,1200
OP1201 JFY INOX #11 1250 X 1170,00:05:35,1201.0,8500,1201
OP1202 JFY #3.8 1500 X 1280,00:49:36,1202.0,8504,1202
OP1203 JFY INOX #16 1250 X 3000,00:37:34,1203.0,8506,1203
OP1204 JFY INOX #1.4 1500 X 3000,00:21:30,1204.0,8507,1204
OP1205 JFY #7.8 1000 X 820,00:03:35,1205.0,8508,1205
op 1206 JFY #16 1500 x 4000,00:44:06,1206.0,8509,1206
OP1207 JFY INOX #11 1250 X 2167,00:05:50,1207.0,8511,1207
OP1208 JFY INOX #11 1250 X 97,00:01:47,1208.0,8513,1208
OP1209 JFY #3.8 278 X 120,00:00:31,1209.0,8515,1209
OP 1210 JFY #11 1500 X 4000,00:54:42,1210.0,8518,1210
OP1211 JFY #12 1500 X 3700,01:17:53,1211.0,8519,1211
OP 1212 JFY #18 INOX 1500 X 3650,00:01:40,1212.0,8521,1212
OP 1213 JFY #3.16 1200 X 2820,00:07:32,1213.0,8522,1213
OP 1214 JFY #3.16 INOX 155 X 380,00:02:01,1214.0,8523,1214
OP1215 JFY INOX #3.8 835 X 2460,00:18:15,1215.0,8529,1215
OP 1216 JFY INOX #3.16 1100 x 1170,00:03:04,1216.0,8531,1216
OP 1217 JFY #5.16 1200 x 3000 2X,01:30:30,1217.0,8532,1217
OP 1218 JFY #1.4 1200 x 4050,00:36:07,1218.0,8533,1218
OP 1219 JFY #3.16 1200 x 4000,00:22:17,1219.0,8534,1219
OP1220 JFY INOX #11 1250 X 1560,00:18:03,1220.0,8537,1220
OP1221 JFY #3.16 1200 X 4040,00:17:31,1221.0,8539,1221
OP1222 JFY INOX #16 1250 X 3000,01:27:05,1222.0,8541,1222
OP1223 JFY #1.4 1200 X 4050,01:14:29,1223.0,8542,1223
OP1224 JFY INOX #3.4 690 X 1060,00:04:19,1224.0,8546,1224
OP1225 JFY #1.4 1200 X 4050,00:36:03,1225.0,8547,1225
OP1226 JFY #14 770 X 98,00:02:32,1226.0,8548,1226
OP1227 JFY #13 1200 X 3500,00:19:39,1227.0,8550,1227
OP1228 JFY #13 1200 X 3500,00:42:37,1228.0,8551,1228
OP1229 JFY #3.16 1200 X 4040,00:30:04,1229.0,8552,1229
OP1230 JFY #3.16 1200 X 2820,00:50:41,1230.0,8554,1230
OP1231 JFY #3.16 1200 X 2820,01:16:43,1231.0,8555,1231
OP1232 JFY INOX #16 1250 X 3000,01:14:53,1232.0,8563,1232
OP1233 JFY INOX #16 1250 X 3000,03:02:42,1233.0,8564,1233
OP1234 JFY #5.16 1500X1000,00:14:55,1234.0,8565,1234
OP1235 JFY #5.16 1500X1500,00:22:23,1235.0,8566,1235
OP1236 JFY #11 1250X3000 INOX,00:10:37,1236.0,8567,1236
OP1237 JFY #5.16 1200X2350,00:27:32,1237.0,8568,1237
OP1238 JFY INOX #5.16 1530 X 140,00:03:14,1238.0,8575,1238
OP 1240 JFY #14 1200 X 2800,03:18:26,1240.0,8579,1240
OP 1241 JFY #12 1500 X 3000,00:49:38,1241.0,8580,1241
OP 1242 JFY #12 1200 X 3800,01:58:21,1242.0,8581,1242
OP1243 JFY #3.16 1200 X 4040,00:45:54,1243.0,8583,1243
OP1244 JFY #3.16 1200 X 4040,00:51:09,1244.0,8584,1244
OP1245 JFY #1.4 1200 X 4050,01:50:50,1245.0,8586,1245
OP1246 JFY #1.4 1200 X 4050,03:06:36,1246.0,8587,1246
OP1247 JFY #11 1500 X 4000,01:19:35,1247.0,8592,1247
OP1249 JFY #1.4 1200 X 4050,01:36:18,1249.0,8593,1249
OP1250 JFY #5.32 1200 X 3000,00:34:21,1250.0,8594,1250
OP1251 JFY #3.16 1200 X 4040,01:45:16,1251.0,8597,1251
OP1252 JFY #16 1250 X 3000,02:34:17,1252.0,8602,1252
OP1253 JFY #16 1250 X 3000,01:42:10,1253.0,8603,1253
OP1254 JFY #20 1250 X 3000,00:37:39,1254.0,8604,1254
OP1255 JFY INOX #11 1500 X 3000,03:49:48,1255.0,8606,1255
OP1256 JFY INOX #11 1500 X 2235,02:30:40,1256.0,8608,1256
OP1257 JFY INOX #11 1500 X 1520,00:22:45,1257.0,8609,1257
OP1258 JFY INOX # 16 460 X 1230,00:12:06,1258.0,8610,1258
OP1259 JFY #1.4 1200 X 4050,01:43:22,1259.0,8611,1259
OP1260 JFY #3.16 1200 X 4040,00:47:23,1260.0,8612,1260
OP1261 JFY INOX # 16 1250 X 1260,00:21:20,1261.0,8613,1261
OP1263 JFY #1.2 690 X 550,00:06:53,1263.0,8614,1263
OP1264 JFY #1.2 1500 X 1330,00:41:32,1264.0,8616,1264
OP1265 JFY ALU #3.16 1000 X 710,00:11:10,1265.0,8617,1265
OP1266 JFY #1.2 1500 X 1710,00:51:19,1266.0,8618,1266
OP1262 JFY #1.4 1200 X 4050,03:15:32,1262.0,8619,1262
OP1267 JFY # 1.4 900 X 2200,00:03:50,1267.0,8621,1267
OP1268 JFY #1.4 1200X4050,00:45:55,1268.0,8622,1268
OP1269 JFY INOX #11 1500 X 727,00:27:52,1269.0,8623,1269
OP1270 JFY INOX #16 1250 X 3000,00:18:31,1270.0,8624,1270
OP1271 JFY INOX #11 890 X 1930,00:23:27,1271.0,8626,1271
OP1272 JFY #1.4 500X500,00:02:21,1272.0,8627,1272
OP1273 JFY #3.8 1000X800,00:08:15,1273.0,8628,1273
OP1274 JFY #3.16 500X500 INOX,00:06:45,1274.0,8629,1274
OP 1276 JFY INOX #3.8 1500X 500,00:10:39,1276.0,8632,1276
OP1500 JFY #1.4 1200 X 4050,01:23:57,1500.0,8747,1500
OP1539 JFY #5.32 1200 X 4000,00:18:02,1539.0,8763,1539
OP1569 JFY #1.4 115 X 1520,00:00:44,1569.0,8799,1569
OP1759 JFY #14 1200 X 4000,00:23:52,1759.0,10934,1759
OP1760 JFY #3.16 1200 x 1965,00:06:42,1760.0,10933,1760
OP1751 JFY  #1.4 2000 x 1465,00:08:05,1751.0,10901,1751
OP1765 JFY #1.4 180 x 1200,00:00:44,1765.0,10939,1765
OP1765 JFY #13 550 x 650,00:03:49,1765.0,10939,1765
OP1779 JFY #11 1200 x 1270,00:04:43,1779.0,10999,1779
OP1794 JFY #3.16 1200 x 4040,00:16:48,1794.0,11024,1794
OP1780 JFY #1200X2000 10X,00:38:43,1780.0,10998,1780
OP1786 JFY #5.32 1500 x 4010 2x,00:32:05,1786.0,11009,1786
OP1769 JFY #1.4 1200X4050,00:15:14,1769.0,10950,1769
OP1793 JFY #3.16 1200 x 4040,00:30:01,1793.0,11023,1793
OP1788 JFY #14 1200 x 4000 3x,00:03:27,1788.0,11015,1788
OP1775 JFY #3.16 1200 x 4040,00:09:12,1775.0,10979,1775
OP1777 JFY #3.16 1210X2820,00:36:25,1777.0,10984,1777
OP1778 JFY #16 INOX 1280 x 2340,00:05:01,1778.0,10994,1778
OP1783 JFY #14 INOX 1050 x 1850,00:04:07,1783.0,11004,1783
OP1805 JFY #1.4 1200 x 200,00:01:14,1805.0,11068,1805
OP1801 JFY #3.16 1200 x 4040 4x,00:59:48,1801.0,11048,1801
OP1807 JFY #3.16 1200 X 4040,00:17:20,1807.0,11085,1807
OP1816 JFY #3.16 1200 X 4040 3x,00:46:17,1816.0,11120,1816
OP1814 JFY #5.32 1200 X 3000,00:16:39,1814.0,11116,1814
OP1789 JFY #14 1200 x 4000 3x,00:04:07,1789.0,11016,1789
OP1761 JFY #3.16 1200 x 1960,00:36:42,1761.0,10932,1761
OP1795 JFY #1.4 1200 x 4050,00:39:44,1795.0,11030,1795
OP1771 JFY #1.4 1200 x 4050,00:24:08,1771.0,10968,1771
OP1770 JFY #1.4 1200 x 4050,00:16:53,1770.0,10980,1770
OP1774 JFY #13 1200 x 4000,00:10:04,1774.0,10978,1774
OP1787 JFY #3.16 1200 x 2810 2x,00:12:05,1787.0,11010,1787
OP1802 JFY #3.16 860 x 1210,00:04:18,1802.0,11054,1802
OP1798 JFY #14 1200 x 4000 5x,00:03:55,1798.0,11044,1798
OP1808 JFY #13 1200 X 4000,00:07:35,1808.0,11086,1808
OP1811 JFY #12 1200 X 2500,00:04:37,1811.0,11113,1811
OP1817 JFY #3.16 1200 X 4040 2x-Result1,00:30:15,1817.0,11133,1817
OP1815 JFY #1.4 1200 X 1750,00:17:53,1815.0,11117,1815
OP1820 JFY #12 1200 X 4000,00:13:12,1820.0,11162,1820
OP1819 JFY #1.4 1200 X 650,00:10:16,1819.0,11161,1819
OP1752 JFY  #12 1500 x 4000 10x,00:12:05,1752.0,10908,1752
OP1755 JFY  #1.4 190 x 120,00:00:18,1755.0,10917,1755
OP1792 JFY #3.16 1200 x 4040,00:09:35,1792.0,11021,1792
OP1781 JFY #3.16 1200 x 4040,00:06:45,1781.0,11001,1781
OP1784 JFY #1.4 1200 x 4050,00:22:32,1784.0,11006,1784
OP1797 JFY #3.16 480 x 1150,00:01:19,1797.0,11040,1797
OP1806 JFY #1.4 1200 X 4050,01:59:43,1806.0,11078,1806
OP1803 JFY #12 1200 x 4000 20x,00:18:40,1803.0,11060,1803
OP1812 JFY #12 1200 X 2500,00:04:43,1812.0,11114,1812
OP1799 JFY #3.16 1200 x 2800 5x,00:41:07,1799.0,11045,1799
OP1821 JFY #12 1200 X 4000,00:13:18,1821.0,11163,1821
OP1823 JFY #1.4 1200 X 920,00:11:33,1823.0,11186,1823
OP1753 JFY  #12 1500 x 3000 5x,00:16:15,1753.0,10909,1753
OP1790 JFY #1.4 1200 x 4050 2x,00:27:32,1790.0,11017,1790
OP1758 JFY #1.4 1200 X 4050,01:05:57,1758.0,10918,1758
OP1764 JFY #3.16 320 x 1520,00:03:26,1764.0,10937,1764
OP1767 JFY #3.16 1200 x 2270,00:17:26,1767.0,10946,1767
OP1796 JFY #1.4 1200 x 4050,00:17:24,1796.0,11037,1796
OP1773 JFY #1.4 1200 x 4050,00:41:42,1773.0,10975,1773
OP1782 JFY #3.16 160 x 920,00:05:20,1782.0,11002,1782
OP1785 JFY #11 400 x 200,00:01:04,1785.0,11007,1785
OP1804 JFY #5.32 1200 x 3000 2x,00:28:12,1804.0,11066,1804
OP1800 JFY #3.16 1200 x 2800 5x,00:37:46,1800.0,11046,1800
OP1809 JFY #3.16 1200 X 2820,02:01:57,1809.0,11103,1809
OP1810 JFY #3.16 1200 X 4040,00:33:10,1810.0,11107,1810
OP1813 JFY #12 1500 X 3000,00:25:29,1813.0,11115,1813
OP1754 JFY  #12 1500 x 3000 5x,00:17:35,1754.0,10910,1754
OP1763 JFY #3.16 1200 x 2270,00:17:26,1763.0,10938,1763
OP1763 JFY #5.32 1500 x 4000,00:38:30,1763.0,10938,1763
OP1768 JFY #1.4 1200X4050,01:00:45,1768.0,10949,1768
OP1619 JFY #11 1500 X 4000,02:46:42,1619.0,10551,1619
OP1620 JFY #13 1200 X 2800,02:21:43,1620.0,10553,1620
OP1621 JFY #14 1200 X 2540 rf,04:40:43,1621.0,10554,1621
OP1621 JFY #14 1200 X 2540,04:41:48,1621.0,10554,1621
OP1622JFY #14 1200 X 3500,04:29:57,1622.0,10556,1622
OP1623 JFY #3.16 1200 X 4040,05:44:24,1623.0,10557,1623
OP1624 JFY #1.4 1200 X 2280,02:41:12,1624.0,10558,1624
OP1625 JFY #1.4 1200 X 2280,05:59:30,1625.0,10560,1625
OP1626 JFY #1.4 1200 X 2000,02:13:49,1626.0,10561,1626
OP1627 JFY #3.16 1200 X 1300 RF,08:05:07,1627.0,10565,1627
OP1627 JFY #3.16 1200 X 2800,08:05:07,1627.0,10565,1627
OP1628 JFY #3.16 1200 x 4040 RF,04:56:54,1628.0,10566,1628
OP1628 JFY #3.16 1200 x 4040,05:20:48,1628.0,10566,1628
OP1629 JFY #3.16 1200 X 4040,16:58:13,1629.0,10570,1629
OP1630 JFY #5.32 1200 X 4000,08:32:23,1630.0,10571,1630
OP1631 JFY #5.32 1500 x 4000,08:05:31,1631.0,10574,1631
OP1632 JFY INOX #14 1500 X 3000,05:53:11,1632.0,10581,1632
OP1633 JFY INOX #11 1250 X 4000,02:30:35,1633.0,10582,1633
OP1634 JFY #3.16 1200 X 2800,03:06:58,1634.0,10583,1634
OP1635 JFY #5.32 1200 X 4000,06:55:48,1635.0,10588,1635
OP1636 JFY #14 1210 X 3500,06:18:36,1636.0,10591,1636
OP1791 JFY #1.4 1200 x 4050 2x,00:26:21,1791.0,11018,1791
OP1772 JFY #1.4 1200 x 4050,00:55:50,1772.0,10971,1772
OP1637  JFY #14 1200 X 1370,00:47:59,1637.0,10593,1637
OP1638 JFY #11 1510 X 4000,08:52:10,1638.0,10597,1638
OP1639 JFY #12 1200 x 4000,01:28:04,1639.0,10598,1639
OP1640 JFY #12 1200 x 2500,00:46:12,1640.0,10599,1640
OP1641 #1.4 1200 x 3010,00:07:36,1641.0,10602,1641
OP1642 JFY #11 1500 X 4000,00:30:48,1642.0,10605,1642
OP1643 JFY #14 1200 X 3510,00:56:21,1643.0,10606,1643
OP1644 JFY #3.16 1200 X 2820,00:58:15,1644.0,10607,1644
OP1645 JFY #3.16 1200 X 2820,00:16:49,1645.0,10608,1645
OP1646 JFY #5.32 1200 X 4000,00:26:10,1646.0,10610,1646
OP1647 JFY #3.16 165 x 1895,00:06:31,1647.0,10614,1647
OP1648 JFY #3.16 1200 x 4040,00:16:30,1648.0,10617,1648
OP1649 JFY #3.16 1200 x 4040,00:19:06,1649.0,10619,1649
OP1650 JFY #3.16 1200 x 4040,00:12:59,1650.0,10620,1650
OP1651 JFY #3.16 1200 x 4040,00:22:28,1651.0,10621,1651
OP1652 JFY #11 1500 X 4000,00:45:37,1652.0,10622,1652
OP1653 JFY #.316 1200 x 4040,00:59:06,1653.0,10625,1653
OP1654 JFY #14 1211 x 3500,01:38:50,1654.0,10626,1654
OP1655 JFY #5.32 1210 x 3000,00:12:20,1655.0,10629,1655
OP1656 JFY #5.32 1210 x 3000,00:49:33,1656.0,10631,1656
OP1657 JFY  #5.32 1200 x 3330,00:04:48,1657.0,10634,1657
OP1658 JFY #14 1200 x 3510,01:36:22,1658.0,10638,1658
OP1659 JFY #12 1200 X 3800,00:20:49,1659.0,10639,1659
OP1660 JFY #1.4 1200 X 3000,00:25:39,1660.0,10640,1660
OP1661 JFY #5.32 1200 x 4000,01:18:30,1661.0,10641,1661
OP1662 JFY #3.16 1200 x 2820,01:14:53,1662.0,10642,1662
OP1662 JFY INOX #11 1250 x 3000,00:43:38,1662.0,10642,1662
OP1663 JFY #12 1200X3800 3X,00:03:51,1663.0,10643,1663
OP1663 JFY #3.16 1200 x 2800,00:20:39,1663.0,10643,1663
OP1664 JFY #11 1510 x 4010 rf,00:19:43,1664.0,10649,1664
OP1665 JFY INOX #16 1250 x 3000,00:51:29,1665.0,10652,1665
OP16666 JFY #3.16 1200 x 2800,00:22:40,16666.0,10653,16666
OP1667 JFY #3.16 1200 x 2800,00:15:37,1667.0,10654,1667
OP1669 JFY #14 1210 x 4000,00:09:58,1669.0,10659,1669
OP1670 JFY #6.30 1200 x 3020,00:12:55,1670.0,10660,1670
OP1671 JFY #3.16 1200 X 2820,00:15:19,1671.0,10663,1671
OP1672 JFY #3.16 1200 X 2820,00:58:01,1672.0,10664,1672
OP1673 JFY #3.16 1200 x 4040,00:04:57,1673.0,10666,1673
OP1674 JFY #3.16 1200 x 4040,00:17:22,1674.0,10667,1674
OP1675 JFY #1.4 1200 X 4050,00:10:10,1675.0,10668,1675
OP1676 JFY #1.4 1200 x 4050,00:12:52,1676.0,10670,1676
OP1677 JFY #1.4 1200 x 4050,01:07:58,1677.0,10671,1677
OP1668 JFY #11 1510 x 4000,00:39:15,1668.0,10672,1668
OP1678JFY #1.4 1200 x 1940,00:15:20,1678.0,10674,1678
OP1679 JFY #1.4 1200 x 2230,00:24:10,1679.0,10675,1679
OP1680 JFY #11 1500 X 4000,00:21:22,1680.0,10677,1680
OP1681 JFY #3.16 1200 X 2820,00:18:18,1681.0,10678,1681
OP1682 JFY # 5.32 1200 X 3000,00:14:54,1682.0,10681,1682
OP1683 JFY # 5.32 1200 X 3000,00:15:11,1683.0,10684,1683
OP1684 JFY #5.32 1500 X 4000,00:56:21,1684.0,10687,1684
OP1685 JFY #12 1200 X 4000,00:11:14,1685.0,10688,1685
OP1686 JFY #1.4 1200 X 1950,01:05:17,1686.0,10691,1686
OP1687 JFY #1.4 1200 X 1950,00:28:44,1687.0,10692,1687
OP1688 JFY #3.16 1200 X 4040,00:48:45,1688.0,10697,1688
OP1689 JFY #3.16 1200 X 2290,00:39:52,1689.0,10699,1689
OP1690 JFY #1.4 1200 X 2300,00:10:19,1690.0,10702,1690
OP1691 JFY #3.16 1200 X 1970,00:14:49,1691.0,10706,1691
OP1692 JFY #14 1200 X 950,00:06:48,1692.0,10708,1692
OP1693 JFY #3.8 INOX 550 X 280,00:02:41,1693.0,10709,1693
OP1694 JFY #5.32 1500 X 4000,01:09:17,1694.0,10710,1694
OP1695 JFY #1.4  1200 x 2290,00:51:52,1695.0,10711,1695
OP1696 JFY #1.4 1200 X 2280,00:26:07,1696.0,10716,1696
OP1697 JFY #3.16 1200 X 2820,00:26:31,1697.0,10717,1697
OP1698 JFY #11 145 X 510,00:01:06,1698.0,10718,1698
OP1698 JFY #11 895 X 370,00:05:30,1698.0,10718,1698
OP1700 JFY #3.16 1200 x 2820,00:10:31,1700.0,10719,1700
OP1699 JFY #11 145 X 510 2,00:01:06,1699.0,10720,1699
OP1701 JFY #11 175 x 575,00:01:45,1701.0,10724,1701
OP1702 JFY #3.16 175 x 365,00:00:45,1702.0,10725,1702
OP1703 JFY #1.4 1200 x 2270,00:09:35,1703.0,10729,1703
OP1706 JFY INOX #3.8 560 X 580,00:01:24,1706.0,10730,1706
OP1707 JFY INOX #3.8 600 X 500,00:01:04,1707.0,10731,1707
OP1705 JFY INOX #16 1250 x 3000,00:06:09,1705.0,10732,1705
OP1720 JFY  #3.16 1200 x 2710,00:09:16,1720.0,10763,1720
OP1714 JFY #3.16 1200 X 2710,00:15:49,1714.0,10745,1714
OP1709 JFY #11 180 X 590,00:10:33,1709.0,10738,1709
OP1712 JFY #18 1210 x 3000,00:17:12,1712.0,10737,1712
OP1713 JFY #14 340X1210,00:32:24,1713.0,10742,1713
OP1721 JFY  #5.32 1200 x 3010,01:02:42,1721.0,10762,1721
OP1711 JFY INOX #11 380 x 1640,01:02:00,1711.0,10761,1711
OP1722 JFY #3.16 1200 X 2710,00:14:57,1722.0,10765,1722
OP1724 JFY INOX #16 1270 x 3000,00:05:55,1724.0,10782,1724
OP1727 JFY INOX #1.4 1220 x,00:04:05,1727.0,10787,1727
OP1727 JFY INOX #1.4 950 x 1510,00:04:05,1727.0,10787,1727
OP1723 JFY #3.16 1200 x 2710,00:26:35,1723.0,10788,1723
OP1725 JFY #14 1200 x 4000,00:38:04,1725.0,10789,1725
OP1715 JFY INOX #2.5 730 x 870,00:02:38,1715.0,10777,1715
OP1716 JFY INOX #11 500 x 1540,00:04:17,1716.0,10778,1716
OP1717 JFY INOX #1.4 225 x 245,00:01:07,1717.0,10779,1717
OP1718 JFY INOX #18 1250 x 3000,00:03:27,1718.0,10780,1718
OP1719 JFY INOX #18 1250 x 3000,00:04:24,1719.0,10781,1719
OP1726 JFY #14 1200 x 4000,00:39:53,1726.0,10790,1726
OP1729 JFY #14 1200 X 2800,00:16:57,1729.0,10792,1729
OP1728 JFY INOX #1.4 465 X 220,00:01:08,1728.0,10791,1728
OP1728 JFY INOX #1.4 500 X 500,00:01:08,1728.0,10791,1728
OP1732 JFY #5.32 1500 x 4010 3x,00:35:45,1732.0,10811,1732
OP1730 JFY #11 420 x 700,00:00:50,1730.0,10806,1730
OP1731 JFY #11 420 x 400,00:01:17,1731.0,10807,1731
OP1733 JFY #3.16 1790 x 1210,00:06:30,1733.0,10813,1733
OP1736 #3.16 1000 X 2290,00:03:18,1736.0,10830,1736
OP1737 #3.16 1200 x 1900,00:02:24,1737.0,10835,1737
OP1738 #3.16 1200 x 1900,00:00:39,1738.0,10837,1738
OP1739 #3.16 820 X 430,00:02:11,1739.0,10838,1739
OP1747 JFY #3.16 1200 X 2700 2x,00:13:06,1747.0,10893,1747
OP1748 JFY #3.16 1200 X 1960 2x,00:05:56,1748.0,10894,1748
OP1741 #5.32 1210 x 4010,00:24:52,1741.0,10851,1741
OP1749 JFY #5.32 1500 X 4000 2x,00:24:16,1749.0,10895,1749
OP1743 #5.32 1500 x 4000,00:16:59,1743.0,10869,1743
OP1744 JFY #16 INOX 700 x 300,00:11:26,1744.0,10870,1744
OP1742 #3.16 1200 x 1960 2x,00:12:15,1742.0,10868,1742
OP1746 JFY #3.16 1200 X 1960,01:07:01,1746.0,10885,1746
OP1776 JFY #20 1200 x 2000  10x,00:17:07,1776.0,10983,1776
OP1822 JFY #12 1500 X 3000,00:14:47,1822.0,11183,1822
OP1826 JFY #3.16 1200 X 3630,00:13:09,1826.0,11241,1826
OP1825 JFY #3.16 1200 X 4040 2x,00:29:02,1825.0,11232,1825
OP1824 JFY #3.16 1200 X 2340,00:06:14,1824.0,11211,1824
OP1818 JFY #5.32 1500 X 4000 4x,00:08:02,1818.0,11158,1818
OP1830 JFY #3.16 1200 X 2340,00:11:02,1830.0,11256,1830
OP1827 JFY #3.16 1200 X 2800 5x,00:38:35,1827.0,11250,1827
OP1834 JFY #3.16 1200 X 4040,00:19:29,1834.0,11285,1834
OP1828 JFY #3.16 1200 X 2800,00:06:37,1828.0,11252,1828
OP1832 JFY #3.16 1200 X 2800,00:06:12,1832.0,11258,1832
OP1831 JFY #3.16 1200 X 4040,00:12:48,1831.0,11257,1831
OP1829 JFY #14 1200 X 2330,00:03:25,1829.0,11254,1829
OP1836 JFY #1.4 1500 X 2770,00:09:53,1836.0,11295,1836
OP1837 JFY #5.32 1500 X 2770,00:15:32,1837.0,11300,1837
OP1833 JFY #3.16 1200 X 2800,00:10:42,1833.0,11280,1833
OP1835 JFY #5.321200 X 1160,00:19:22,1835.0,11287,1835
OP1839 JFY #13 1200 X 4000 2x,00:02:12,1839.0,11329,1839
OP1840 JFY #3.16 1200 X 4040,00:14:00,1840.0,11330,1840
OP1838 JFY #13 1200 X 4000 2x,00:02:12,1838.0,11328,1838
OP1842 JFY #3.16 1200 X 4040,00:16:20,1842.0,11350,1842
OP1841 JFY #12 1500 X 4000 2x,00:24:08,1841.0,11342,1841
OP1843 JFY #5.32 1200 X 3000,00:47:40,1843.0,11355,1843
OP1847 JFY #3.16 1200 X 4040 2x,00:34:02,1847.0,11366,1847
OP1846 JFY #5.32 1200 X 2240,00:09:44,1846.0,11364,1846
OP1852 JFY #13 1200 X 3500,00:08:02,1852.0,11397,1852
OP1848 JFY #1.4 1200 X 4050 3x,00:44:01,1848.0,11373,1848
OP1850 JFY #14 1200 X 3500 5x,00:34:59,1850.0,11382,1850
OP1844 JFY #5.32 1200 X 4000 2x,00:49:59,1844.0,11361,1844
OP1853 JFY #13 1200 X 4000,00:09:10,1853.0,11400,1853
OP1851 JFY #12 1500 X 3700 5x,00:20:23,1851.0,11396,1851
OP1854 JFY #11 1500 X 4000,00:12:40,1854.0,11405,1854
OP1849 JFY #11 1200 X 4000 3x,00:15:17,1849.0,11380,1849
OP1855 JFY #1.4 1200 X 4050,00:31:16,1855.0,11412,1855
OP1887 JFY #11 A.R 1200 X 3500,00:10:32,1887.0,17426,1887
OP1927 JFY #1.4 INOX 480 X 140,00:05:45,1927.0,19287,1927
OP1856 JFY #3.16 1200 X 580,00:02:20,1856.0,11415,1856
OP1881 JFY #11 INOX 1250 X 4000 2x,00:31:40,1881.0,17170,1881
OP1874 JFY #11 1500 X 1040,00:09:06,1874.0,16789,1874
OP1866 JFY #5.32 1200 X 3000,00:12:00,1866.0,16418,1866
OP1896 JFY #3.16 890 X 2800,00:14:32,1896.0,17876,1896
OP1886 JFY #3.16 1200 X 2800,00:13:46,1886.0,17201,1886
OP1897 JFY #14 INOX 1500 X 1292,00:10:11,1897.0,17878,1897
OP1883 JFY #18 INOX 1250 X 3000,00:03:44,1883.0,17176,1883
OP1876 JFY #12 1500 X 3700,00:12:43,1876.0,16844,1876
OP1898 JFY #3.16 1200 X 2800 3x,00:29:07,1898.0,18073,1898
OP1884 JFY #18 INOX 1250 X 3000,00:03:58,1884.0,17177,1884
OP1882 JFY #3.16 INOX 1500 X 400,00:05:35,1882.0,17171,1882
OP1888 JFY #11 1500 X 4000 2x,00:40:32,1888.0,17429,1888
OP1891 JFY #3.16 INOX 750 X 980,00:04:43,1891.0,17455,1891
OP1892 JFY #11 INOX 1500 X 3000,00:10:31,1892.0,17465,1892
OP1857 JFY #131200 X 4000 2x,00:21:21,1857.0,11834,1857
OP1879 JFY #18 1200 X 2000,00:07:53,1879.0,16867,1879
OP1859 JFY #5.32 1200 X 3000 2x,00:46:16,1859.0,12749,1859
OP1858 JFY #5.32 1200 X 3000,00:13:11,1858.0,12649,1858
OP1880 JFY #18 1200 X 2000,00:11:36,1880.0,16868,1880
OP1860 JFY #3.16 1200 X 2820,00:22:10,1860.0,13070,1860
OP1868 JFY #14 INOX 1250 X 2000,00:22:27,1868.0,16472,1868
OP1877 JFY #1.4 1200 X 4050,00:37:53,1877.0,16851,1877
OP1861 JFY #11 1500 X 4000,00:14:37,1861.0,13072,1861
OP1928 JFY #3.16 INOX 1170 X 110,00:01:07,1928.0,19291,1928
OP1864 JFY #5.32 1200 X 3000,00:08:26,1864.0,16397,1864
OP1893 JFY INOX #11 470 X 620,00:01:59,1893.0,17507,1893
OP1869 JFY #3.16 1200 X 520,00:06:13,1869.0,16477,1869
OP1900 JFY #13 1210 X 2800 40x,01:42:37,1900.0,18238,1900
OP1902 JFY #3.16 1210 x 4040 4x,01:41:19,1902.0,18285,1902
OP1901 JFY #14 INOX 1500 X 3000,00:12:53,1901.0,18281,1901
OP1862 JFY #3.16 1200 X 4040,00:08:45,1862.0,16372,1862
OP1903 JFY #12 1200 X 4000 7x,00:34:20,1903.0,18299,1903
OP1873 JFY #1.4 1200 X 4050 2x,00:36:51,1873.0,16780,1873
OP1878 JFY #1.4 1200 X 4050,00:32:14,1878.0,16858,1878
OP1899 JFY #18 INOX 1250 X 1880 2x,00:05:53,1899.0,18083,1899
OP1865 JFY #3.16 1200 X 4040,00:14:00,1865.0,16407,1865
OP1926 JFY #3.8 INOX 1350 X 130,00:03:33,1926.0,19286,1926
OP1863 JFY #1.4 1200 X 4050,00:41:17,1863.0,16380,1863
OP1870 JFY #11 INOX 1250 X 4000,00:16:16,1870.0,16479,1870
OP1871 JFY #11 INOX 1500 X 3000,00:47:21,1871.0,16759,1871
OP1867 JFY #11 1200 X 380,00:05:41,1867.0,16465,1867
OP1924 JFY #14 1200 X 4000,00:46:36,1924.0,19234,1924
OP1885 JFY #11 INOX 250 X 320,00:03:54,1885.0,17191,1885
OP1889 JFY #3.16 1200 X 920,00:14:49,1889.0,17431,1889
OP1894 JFY #11 1500 X 4000,00:19:12,1894.0,17734,1894
OP1890 JFY #12 INOX 1050 X 4000,00:07:22,1890.0,17441,1890
OP1929 JFY #3.16 1200 X 2820,00:35:45,1929.0,19518,1929
OP1906 JFY #5.32 1200 X 4000,00:17:04,1906.0,18406,1906
OP1905 JFY #11 1500 X 4000,00:13:21,1905.0,18404,1905
OP1872 JFY #3.16 1200 X 2800 3x,00:34:50,1872.0,16775,1872
OP2004 JFY #3.16 1200 X 4040,00:06:35,2004.0,23066,2004
OP1895 JFY #14 INOX 1250 X 2000,00:09:28,1895.0,17861,1895
OP1875 JFY #3.16 1200 X 4040,00:30:32,1875.0,16866,1875
OP2005 JFY #1.4 330 X 1200,00:03:10,2005.0,23067,2005
OP1947 JFY #13 1200 X 4000 2x,00:33:14,1947.0,20230,1947
OP1949 JFY #14 INOX 400 X 670,00:30:14,1949.0,20350,1949
OP1966 JFY #18 1200 X 2000,00:51:26,1966.0,22022,1966
OP1981 JFY INOX #11 1500 X 3000,00:11:01,1981.0,22452,1981
OP1904 JFY #5.32 1200 X 4000,00:15:08,1904.0,18304,1904
OP1907 JFY #14 INOX 1500 X 3000,00:27:50,1907.0,18478,1907
OP1908 JFY #3.16 INOX 740 X 1420,00:17:26,1908.0,18480,1908
OP1909 JFY #11 1500 X 4000,00:27:12,1909.0,18486,1909
OP1910 JFY #16 INOX 1250 X 3000,00:08:19,1910.0,18498,1910
OP1911 JFY #11 1500 X 4000,00:06:59,1911.0,18553,1911
OP1914 JFY #1.4 1200 X 4050,00:38:11,1914.0,18571,1914
OP1912 JFY #3.16 1200 X 4040,00:21:36,1912.0,18558,1912
OP1913 JFY #20 INOX 1250 X 3000,00:02:49,1913.0,18569,1913
OP1915 JFY INOX #1.4 1250 X 420,00:02:34,1915.0,18608,1915
OP1916 JFY #14 1200 X 2800,00:03:58,1916.0,18614,1916
OP1919 JFY #20 INOX 1250 X 450,00:00:36,1919.0,18627,1919
OP1918 JFY #20 INOX 1250 X 3000,00:00:31,1918.0,18626,1918
OP1917 JFY #11 INOX 1500 X 3000 4x,01:50:04,1917.0,18619,1917
OP1920 JFY #11 INOX 1500 X 3000,00:10:02,1920.0,18724,1920
OP1925 JFY #5.32 1500 X 4000,00:20:38,1925.0,19252,1925
OP1930 JFY #1.4 1200 X 760,00:07:43,1930.0,19571,1930
OP1931 JFY #11 1500 X 4000,00:17:33,1931.0,19589,1931
OP1932 JFY #5.32 1200 X 3000,00:10:47,1932.0,19594,1932
OP1921 JFY #5.32 1500 X 4000,00:29:31,1921.0,18928,1921
OP1922 JFY #11 1500 X 4000 3x,00:44:45,1922.0,19144,1922
OP2003 JFY #11 INOX 1500 X 3000,00:14:00,2003.0,23063,2003
OP1923 JFY #5.32 1200 X 4000,00:05:16,1923.0,19180,1923
OP1936 JFY #20 INOX 1250 X 1800,00:14:14,1936.0,19632,1936
OP1933 JFY #5.32 1200 X 4000,00:13:51,1933.0,19622,1933
OP1935 JFY #18 INOX 1250 X 3000,00:10:56,1935.0,19628,1935
OP1934 JFY #11 INOX 1500 X 3000,00:12:29,1934.0,19625,1934
OP1937 JFY #16 INOX 1250 X 3000,00:09:20,1937.0,19646,1937
OP1963 JFY #1.4 INOX 1250 X 420,00:24:16,1963.0,21964,1963
OP1965 JFY #11 INOX 1500 X 1520,00:10:42,1965.0,22018,1965
OP2006 JFY #3.16 INOX 1170 X 780,00:03:41,2006.0,23078,2006
OP1940 JFY #1.4 1200 X 3290,00:47:58,1940.0,19923,1940
OP2012 JFY #16 1250 X 1120,00:00:10,2012.0,23184,2012
OP1938 JFY #16 INOX 1250 X 3000,00:17:14,1938.0,19889,1938
OP1939 JFY #3.16 INOX 200 X 200,00:01:42,1939.0,19892,1939
OP2010 JFY #3.16 1200 X 2800 5x,00:34:15,2010.0,23175,2010
OP1941 JFY #3.16 1200 X 4040,00:15:04,1941.0,19928,1941
OP1942 JFY #1.4 INOX 410 X 650,00:02:13,1942.0,20050,1942
OP1943 JFY #16 INOX 1250 X 1170,00:17:41,1943.0,20061,1943
OP2008 JFY #11 INOX 1500 X 3000,00:12:30,2008.0,23145,2008
OP 2095 JFY #1.4 INOX 1250 X 1220,00:06:02,2095.0,26392,2095
OP1969 JFY #3.16 1200 X 4040 2x,00:35:50,1969.0,22226,1969
OP1946 JFY #16 INOX 1250 X 3000 2x,00:22:20,1946.0,20204,1946
OP1945 JFY #11 INOX 1500 X 2110,00:20:56,1945.0,20199,1945
OP1944 JFY #20 INOX 1200 X 3000,00:04:54,1944.0,20197,1944
OP2052 JFY #16 INOX 1250 X 3000,00:14:36,2052.0,24982,2052
OP1974 JFY #14 1030 X 3490,00:02:00,1974.0,22363,1974
OP1978 JFY #18 1250 X 3000,00:04:17,1978.0,22436,1978
OP1975 JFY #14 700 X 3490,00:00:38,1975.0,22364,1975
OP1979 JFY #18 1250 X 3000,00:05:10,1979.0,22438,1979
OP1964 JFY #18 1200 X 2000,00:48:41,1964.0,21998,1964
OP1971 JFY #11 1500 X 4000 2x,00:29:47,1971.0,22243,1971
OP1980 JFY INOX #3.16 1250 X 200,00:04:47,1980.0,22439,1980
OP2009 JFY #1.4 1200 X 4050,00:47:46,2009.0,23164,2009
OP1976 JFY #11 1200 X 3500,00:20:39,1976.0,22409,1976
OP1983 JFY #5.32 1200 X  4000,00:37:21,1983.0,22529,1983
OP1970 JFY #12 1500 X 2500 2x,00:08:58,1970.0,22228,1970
OP1977 JFY INOX #11 1250 X 3000,00:11:01,1977.0,22429,1977
OP1967 JFY #1.4 INOX 1250 X 1020,00:13:10,1967.0,22026,1967
OP1982 JFY INOX #18 1050 X 3000,00:05:01,1982.0,22483,1982
OP1955 JFY #16 INOX 1250 X 3000 7x,01:02:06,1955.0,21580,1955
OP1973 JFY #3.16 1200 X 4040,00:25:24,1973.0,22356,1973
OP1968 JFY #16 1250 X 2000,00:10:25,1968.0,22076,1968
OP1951 JFY #3.16 1200 X 2800,00:13:01,1951.0,21123,1951
OP2053 JFY #20 INOX 1250 X 3000 3x,00:04:15,2053.0,24984,2053
OP1950 JFY #11 INOX 1460 X 550,00:45:49,1950.0,20554,1950
OP1952 JFY #11 1500 X 4000,00:37:29,1952.0,21520,1952
OP1953 JFY #14 1200 X 2800,00:04:15,1953.0,21528,1953
OP1954 JFY #16 INOX 1250 X 3000 7x,01:51:24,1954.0,21571,1954
OP1957 JFY #16 INOX 1250 X 3000 4x,01:15:35,1957.0,21592,1957
OP1956 JFY #16 INOX 1200 X 2000 5x,00:32:28,1956.0,21583,1956
OP1958 JFY #11 1250 X 3000,00:20:13,1958.0,21600,1958
OP1959 JFY #3.16 970 X 230,00:09:27,1959.0,21603,1959
OP1960 JFY #1.4 INOX 1250 X 420,00:02:50,1960.0,21626,1960
OP1961 JFY INOX #1.4  360 X 710,00:03:46,1961.0,21633,1961
OP1962 JFY INOX #1.4  150 X 60,00:00:24,1962.0,21639,1962
OP2007 JFY #12 1500 X 3700 3x,00:04:56,2007.0,23094,2007
OP2014 JFY #11 1500 X 1050,00:14:41,2014.0,23232,2014
OP2049 JFY INOX #14 1500 X 4000,00:07:15,2049.0,24959,2049
OP1972 JFY #11 INOX 1480 X 1500,00:06:48,1972.0,22345,1972
OP 2096 JFY #14 INOX 1500 X 120,00:15:56,2096.0,26397,2096
OP1984 JFY # 5.32 1200 x 4000,00:31:16,1984.0,22749,1984
OP1985 JFY # 5.32 1500 x 4000,00:22:54,1985.0,22755,1985
OP1986 JFY #3.16 1200 x 4040,00:12:58,1986.0,22767,1986
OP2013 JFY #12 1500 X 3700,00:03:01,2013.0,23219,2013
OP1988 JFY #5.32 1200 x 3000 3x,00:33:14,1988.0,22881,1988
OP1987 JFY #11 1500 x 4000,00:21:42,1987.0,22877,1987
OP2011 JFY #5.32 1200 X 4000 4x,00:46:18,2011.0,23177,2011
OP1989 JFY #11 INOX 1500 X 3000,00:12:12,1989.0,22974,1989
OP1990 JFY INOX #16 1250 X 2200,00:01:31,1990.0,22975,1990
OP1991 JFY INOX #16 1250 X 1880 2x,00:02:43,1991.0,22976,1991
OP1992 JFY #5.32 1200 X 4000 2x,01:17:53,1992.0,22980,1992
OP1993 JFY #11 INOX 1500 X 3000,00:08:31,1993.0,22985,1993
OP1994 JFY #11 INOX 1500 X 3000,00:06:42,1994.0,22988,1994
OP1995 JFY #11 1500 X 4000 3x,00:32:53,1995.0,22999,1995
OP1996 JFY #18 INOX 1050 X 2780,00:04:13,1996.0,23001,1996
OP1997 JFY #11 INOX 1500 X 3000,00:08:09,1997.0,23006,1997
OP1998 JFY #11 INOX 1500 X 3000 2x,00:26:24,1998.0,23014,1998
OP1999 JFY #12 1200 X 2790,00:06:18,1999.0,23050,1999
OP2000 JFY #12 1200 X 2800,00:04:51,2000.0,23051,2000
OP2002 JFY #11 INOX 1500 X 3000 5x,00:50:34,2002.0,23060,2002
OP2001 JFY #1.4 450 X 1200,00:13:38,2001.0,23054,2001
OP2051 JFY INOX #14 1500 X 4000,00:05:29,2051.0,24967,2051
OP2065 JFY #14 INOX 1500 X 4000 6x,02:44:47,2065.0,25249,2065
OP1529 JFY #12 1200 X 2810,00:05:54,1529.0,23233,1529
OP2018 JFY #12 1500 X 2500,00:01:33,2018.0,23393,2018
OP2015 JFY #12 1500 X 2500,00:01:04,2015.0,23389,2015
OP2016 JFY #12 1500 X 2500,00:00:26,2016.0,23390,2016
OP2017 JFY #12 1500 X 2500 4x,00:08:28,2017.0,23391,2017
OP2020 JFY #12 1500 X 4000,00:00:21,2020.0,23397,2020
OP2022 JFY #3.16 1200 X 4040,01:00:31,2022.0,23453,2022
OP2145 JFY #11 1500 X 4000,00:13:02,2145.0,28074,2145
OP2023 JFY #3.16 340 X 2400,00:14:22,2023.0,23454,2023
OP2025 JFY #5.32 1200 x 4000,00:31:49,2025.0,23459,2025
OP2021 JFY # 3.16 1200 x 2820,00:31:48,2021.0,23448,2021
OP2026 JFY #1.4 1200 X 230,00:07:00,2026.0,23460,2026
OP2024 JFY #3.16 1200 X 4040,00:21:49,2024.0,23456,2024
OP2027 JFY #12 1210 X 2720,00:03:59,2027.0,23466,2027
OP2028 JFY #12 1200 X 2720,00:03:19,2028.0,23467,2028
OP2029 JFY #12 1200 X 2800,00:03:07,2029.0,23468,2029
OP2030 JFY #12 1200 X 2800,00:00:45,2030.0,23469,2030
OP2031 JFY #12 1200 X 4000,00:17:00,2031.0,23474,2031
OP2032 JFY #12 1500 X 4000,00:11:47,2032.0,23476,2032
OP2033 JFY #12 1500 X 2720,00:05:03,2033.0,23479,2033
OP2045 JFY INOX #14 1250 X 3000,00:04:59,2045.0,24932,2045
OP2054 JFY #1.4 INOX 1250 X 3000,00:15:54,2054.0,25011,2054
OP2046 JFY  #14 1200 X 3000,00:01:27,2046.0,24933,2046
OP2034 JFY #5.32 1200 X 4000,00:17:27,2034.0,23816,2034
OP2036 JFY #3.16 1200 X 4040 3x,00:21:50,2036.0,23928,2036
OP2035 JFY #11 INOX 1500 X 3000,00:04:36,2035.0,23833,2035
OP2154 JFY #11 INOX 1250 X 3000,00:07:52,2154.0,28158,2154
OP2038 JFY #5.32 1200 X 3000 2x,00:10:54,2038.0,23937,2038
OP2037 JFY #3.16 1200 X 2800 2x,00:16:43,2037.0,23936,2037
OP2155 JFY #11 INOX 1250 X 3000,00:15:21,2155.0,28159,2155
OP2070 JFY #3.16 1200 X 4040,00:04:38,2070.0,25372,2070
OP2079 JFY #14 1200 X 3500,00:03:26,2079.0,25418,2079
OP2074 JFY #1.4 INOX 1250 X 150,00:04:08,2074.0,25398,2074
OP2076 JFY #1.4 INOX 1095 X 1250,00:07:19,2076.0,25405,2076
OP2055 JFY #16 INOX 1250 X 3000 2x,00:18:02,2055.0,25017,2055
OP2146 JFY #5.32 1200 X 3150,00:11:52,2146.0,28096,2146
OP2047 JFY #11 1500 X 4000,01:21:02,2047.0,24939,2047
OP2077 JFY #11 750 X 150,00:00:39,2077.0,25406,2077
OP2075 JFY #3.16 1210 X 2820 2x,00:17:48,2075.0,25403,2075
OP2078 JFY #12 1500 X 3000,00:06:07,2078.0,25414,2078
OP2056 JFY #1.4 INOX 1250 X 130,00:01:10,2056.0,25018,2056
OP2060 JFY #1.4 1550 X 1770,01:28:57,2060.0,25138,2060
OP2073 JFY #16 INOX 1280 X 3000 4x,00:44:12,2073.0,25394,2073
OP2071 JFY #3.16 1200 X 4040,00:07:35,2071.0,25375,2071
OP2080 JFY #14 1200 X 3500,00:03:01,2080.0,25421,2080
OP2090 JFY #16 INOX 1250 X 3000 2x,00:11:47,2090.0,26206,2090
OP2091 JFY #20 INOX 1250 X 3000,00:01:27,2091.0,26207,2091
OP2092 JFY #16 INOX 1250 X 3000 2x,00:19:37,2092.0,26324,2092
OP2093 JFY #1.4 1210 X 440,00:06:02,2093.0,26345,2093
OP2041 JFY #3.16 INOX 300 X 300,00:01:49,2041.0,24500,2041
OP2040 JFY #16 INOX 1250 X 1120,00:04:19,2040.0,24499,2040
OP2039 JFY #16 INOX 1250 X 3000,00:09:05,2039.0,24498,2039
OP2042 JFY #16 INOX 1250 X 3000,00:16:01,2042.0,24501,2042
OP2057 JFY #3.4 INOX 1200 X 2000,00:02:48,2057.0,25019,2057
OP2068 JFY #11 INOX 1500 X 3000 2x,01:37:28,2068.0,25324,2068
OP2069 JFY #11 1500 X 4000,00:08:31,2069.0,25350,2069
OP2082 JFY #16 INOX 1250 X 3000 7x,01:01:10,2082.0,25442,2082
OP2153 JFY #1.4 1200 X 220,00:03:16,2153.0,28140,2153
OP2043 JFY #11 1500 X 4000 3x,00:34:55,2043.0,24612,2043
OP2061 JFY #16 INOX 1250 X 3000,01:54:57,2061.0,25174,2061
OP2062 JFY #1.4 INOX 1250 X 3000,00:25:36,2062.0,25179,2062
OP2048 JFY #3.16 1200 X 4040,01:19:39,2048.0,24943,2048
OP2081 JFY #16 INOX 1250 X 3000,00:34:40,2081.0,25433,2081
OP2050 JFY #3.16 1200 X 2820,00:38:37,2050.0,24966,2050
OP2063 JFY #16 INOX 1250 X 3000,00:17:39,2063.0,25186,2063
OP2067 JFY #16 INOX 1280 X 3000 10x,00:59:18,2067.0,25311,2067
OP2072 JFY #16 INOX 1280 X 3000,00:13:00,2072.0,25387,2072
OP2044 JFY #11 INOX 1500 X 1740,00:08:23,2044.0,24887,2044
OP2064 JFY #11 INOX 1500 X 3000 2x,01:02:32,2064.0,25224,2064
OP 2099 JFY #13 1200 X 2800 20x,01:14:10,2099.0,26413,2099
OP 2100 JFY #16 INOX 1250 X 3000,00:04:37,2100.0,26432,2100
OP 2097 JFY #5.32 1200 X 3000 10x,02:01:54,2097.0,26411,2097
OP2094 JFY #3.16 INOX 1060 X 520,00:07:56,2094.0,26353,2094
OP2083 JFY #12 1510 X 3000,00:01:48,2083.0,25821,2083
OP2152 JFY #18 INOX 1050 X 3000,00:02:41,2152.0,28122,2152
OP2150 JFY #20 INOX 1250 X 3000,00:00:30,2150.0,28120,2150
OP2147 JFY #12 1500 X 4000,00:01:39,2147.0,28108,2147
OP2089 JFY #11 INOX 1500 X 3000,00:45:06,2089.0,26084,2089
OP2084 JFY #1.4 1210 X 325,00:06:38,2084.0,26035,2084
OP 2098 JFY #3.16 1200 X 4040 2x,00:27:51,2098.0,26412,2098
OP2085 JFY #3.16 INOX 1250 X 3000,00:12:04,2085.0,26060,2085
OP2087 JFY #1.4 1200 X 4050 2x,00:23:51,2087.0,26064,2087
OP2086 JFY #14 1200 X 4000 2x,00:06:37,2086.0,26062,2086
OP2088 JFY #16 INOX 1250 X 3000 3x,00:13:10,2088.0,26068,2088
OP 2101 JFY #1.4 1200 X 4000,00:46:44,2101.0,26661,2101
OP 2102 JFY #3.16 INOX 1250 X 400,00:20:59,2102.0,26674,2102
OP 2103 JFY #1.4 1200 X 4050,00:42:35,2103.0,26675,2103
OP 2134 JFY #1.4 1210 X 500,00:04:45,2134.0,27676,2134
OP 2104 JFY #3.16 INOX 1250 X 1580,00:36:17,2104.0,26845,2104
OP 2107 JFY #16 INOX 1250 X 3000,00:04:23,2107.0,26871,2107
OP 2105 JFY #3.16 1200 X 2800 2x,00:12:26,2105.0,26849,2105
OP 2106 JFY #3.16 1200 X 2800,00:09:03,2106.0,26864,2106
OP2148 JFY #20 INOX 1250 X 3000 2x,00:11:40,2148.0,28118,2148
OP2141 JFY #11 INOX 1500 x 3000,00:17:55,2141.0,28069,2141
OP2149 JFY #20 INOX 1250 X 3000 2x,00:09:05,2149.0,28119,2149
OP 2108 JFY #12 1500 X 3700,00:01:36,2108.0,26991,2108
OP 2110 JFY #3.16 1200 X 4040,00:08:35,2110.0,26995,2110
OP 2109 JFY #1.4 1200 X 4050,00:19:40,2109.0,26992,2109
OP 2112 JFY #14 INOX 1500 X 1370,00:05:14,2112.0,27037,2112
OP 2111 JFY #3.16 1200 X 4040 2x,00:28:12,2111.0,27020,2111
OP2151 JFY #16 INOX 1250 X 3000,00:01:52,2151.0,28121,2151
OP 2113 JFY #1.4 INOX 630 X 1070,00:04:27,2113.0,27075,2113
OP 2114 JFY #11 1500 X 4000 2x,00:14:29,2114.0,27084,2114
OP2144 JFY #14 1200 X 2730,00:03:18,2144.0,28072,2144
OP 2115 JFY #14 1200 X 4000,00:04:05,2115.0,27124,2115
OP 2116 JFY #14 1210 X 2800 10x,00:08:19,2116.0,27139,2116
OP 2119 JFY #3.16 1200 X 4040,00:05:54,2119.0,27167,2119
OP 2120 JFY #3.16 1200 X 4040 3x,00:57:29,2120.0,27170,2120
OP 2118 JFY #5.32 1200 X 3000 3x,00:42:29,2118.0,27164,2118
OP 2121 JFY #5.32 1200 X 400,00:04:55,2121.0,27219,2121
OP 2122 JFY #11 1500 X 4000 6x,00:58:22,2122.0,27224,2122
OP 2123 JFY #3.16 1200 X 4040,00:20:51,2123.0,27243,2123
OP2142 JFY #11 INOX 1500 X 3000,00:14:32,2142.0,28070,2142
OP 2124 JFY #1.4 1200 X 4050,00:37:20,2124.0,27270,2124
OP 2125 JFY #5.32 1200 X 3000,00:13:53,2125.0,27278,2125
OP 2126 JFY #3.16 1200 X 4040,00:22:00,2126.0,27288,2126
OP 2131 JFY #5.32 1210 X 3010,00:13:08,2131.0,27511,2131
OP 2128 JFY #14 1200 X 2800 5x,00:04:36,2128.0,27496,2128
OP 2130 JFY #14 1210 X 2810 5x,00:32:49,2130.0,27498,2130
OP 2129 JFY #14 1210 X 2810 3x,00:09:45,2129.0,27497,2129
OP 2127 JFY #14 1200 X 4000 10x,00:13:41,2127.0,27494,2127
OP 2132 JFY #11 1500 X 4000,00:10:36,2132.0,27533,2132
OP 2133 JFY #11 INOX 1500 X 3000 2x,00:13:43,2133.0,27677,2133
OP 2135 JFY #3.16 1200 X 4040,00:13:26,2135.0,27691,2135
OP 2136 JFY #1.4 1210 X 600,00:05:44,2136.0,27711,2136
OP 2117 JFY #1.4 1200 X 4050,00:30:58,2117.0,27686,2117
OP 2137 JFY #1.4 1200 X 4050,00:29:15,2137.0,27771,2137
OP2143 JFY #11 INOX 1500 X 3000,00:35:21,2143.0,28071,2143
OP 2138 JFY #3.16 1200 X 4040 2x,00:50:28,2138.0,27793,2138
OP2139 JFY # 1.4 1200 x 4050,01:13:42,2139.0,27841,2139
OP2140 JFY #3.16 1200 x 4040,01:19:36,2140.0,28021,2140
OP2157 JFY #12 INOX 1050 X 1400,00:04:00,2157.0,28477,2157
OP2156 JFY #5.32 1200 X 3000,00:28:31,2156.0,28202,2156
OP2158 JFY #12 1200 X 2500,00:03:09,2158.0,28565,2158
OP2159 JFY #11 1500 X 910,00:05:23,2159.0,28569,2159
OP2161 JFY #1.4 1210 X 200,00:08:48,2161.0,28591,2161
OP2160 JFY #5.32 1200 X 4010,00:31:43,2160.0,28580,2160
OP2162 JFY #1.4 1210 X 4050,01:25:51,2162.0,28597,2162
OP2163 JFY #14 1200 X 2800,00:03:38,2163.0,28612,2163
OP2164 JFY #1.4 1200 X 4050,00:51:09,2164.0,28618,2164
OP 2165 JFY #3.16 1200X4040,00:23:18,2165.0,28627,2165
OP 2166 JFY #3.16 1200X4040,00:16:21,2166.0,28628,2166
OP2171 JFY #11 INOX 1250 X 3000,00:05:00,2171.0,28694,2171
OP2167 JFY #18 1200 X 2000,00:59:33,2167.0,28677,2167
OP2168 JFY #11 INOX 1250 X 3000 2x,00:18:40,2168.0,28690,2168
OP2169 JFY #11 INOX 1250 X 3000,00:09:16,2169.0,28691,2169
OP2170 JFY #11 INOX 1250 X 3000,00:08:10,2170.0,28693,2170
OP2172 JFY #11 INOX 1250 X 3000,00:07:25,2172.0,28695,2172
OP2173 JFY #11 INOX 1250 X 3000,00:09:26,2173.0,28699,2173
OP2174 JFY #11 INOX 1250 X 3000,00:07:15,2174.0,28705,2174
OP2175 JFY #11 INOX 1250 X 3000,00:17:35,2175.0,28708,2175
OP2176 JFY #1.4 INOX 1250 X 3000,01:19:41,2176.0,28722,2176
OP2178 JFY #14 1210 X 4000 22x,01:04:59,2178.0,28735,2178
OP2179 JFY #14 1210 X 4000 22x,01:01:36,2179.0,28744,2179
OP2177 JFY #5.32 1200 X 4000,00:35:40,2177.0,28732,2177
OP2182 JFY #1.4 1200 X 1390,00:26:18,2182.0,28802,2182
OP2181 JFY #3.16 1200 X 840,00:03:27,2181.0,28799,2181
OP2180 JFY #1.4 1200 X 4050,00:49:43,2180.0,28795,2180
OP2183 JFY #3.16 INOX 1070 X 535,00:06:48,2183.0,29108,2183
OP2185 JFY #16 INOX 1250 X 3000,00:04:33,2185.0,29151,2185
OP2184 JFY #1.4 1200 X 2550,00:15:49,2184.0,29134,2184
OP2186 JFY #3.16 1200 X 2820,00:27:44,2186.0,29180,2186
OP2187 JFY #1.4 1200 X 4050,01:32:35,2187.0,29189,2187
OP2188 JFY #3.16 1200 X 4040,01:37:40,2188.0,29207,2188
OP2189 JFY #13 1200 X 3500,00:02:59,2189.0,29222,2189
OP2190 JFY #3.16 1200 X 3620,00:15:18,2190.0,29237,2190
OP2191 JFY #3.16 1200 X 2800,00:10:28,2191.0,29260,2191
OP2192 JFY #1.4 1200 X 4000,00:31:51,2192.0,29549,2192
OP2193 JFY #1.4 1200 X 4000,00:49:50,2193.0,29558,2193
OP2194 JFY #13 1210 X 2800 16x,00:52:49,2194.0,29563,2194
OP2199 JFY #20 INOX 1250 X 3000,00:01:36,2199.0,29617,2199
OP2195 JFY #1.4 1200 X 4050,00:17:50,2195.0,29595,2195
OP2196 JFY #3.16 1200 X 1770,00:04:22,2196.0,29598,2196
OP2200 JFY #20 INOX 1250 X 3000,00:02:53,2200.0,29621,2200
OP2197 JFY #1.4 1210 X 650,00:05:28,2197.0,29604,2197
OP2198 JFY #20 INOX 1250 X 3000,00:03:12,2198.0,29616,2198
OP2201 JFY #1.4 INOX 630 X 690,00:02:29,2201.0,29624,2201
OP2202 JFY #3.8 INOX 1340 X 1690,00:26:35,2202.0,29633,2202
OP2203 JFY #3.4 INOX 400 X 1100,00:26:57,2203.0,29634,2203
OP2205 JFY #14 1200 X 3170,00:01:10,2205.0,29698,2205
OP2204 JFY #1.4 1200 X 4050,00:20:40,2204.0,29689,2204
OP2207 JFY #14 1200 X 3500 5x,00:14:54,2207.0,29723,2207
OP2208 JFY #11 1500 X 4000,00:30:45,2208.0,29928,2208
OP2209 JFY #3.16 1200 X 2630,00:12:13,2209.0,29941,2209
OP2210 JFY #16 INOX 1250 X 3000 4x,01:11:14,2210.0,29950,2210
OP2211 JFY #3.16 1200 X 400,00:03:34,2211.0,29967,2211
OP2212 JFY #3.16 1200 X 2800,00:10:44,2212.0,30099,2212
OP2213 JFY #3.16 1200 X 4040,00:24:50,2213.0,30108,2213
OP2214 JFY #5.32 1210 X 4010,00:24:45,2214.0,30158,2214
OP2215 JFY #3.16 INOX 1250 X 1030,00:18:50,2215.0,30162,2215
OP2216 JFY #16 INOX 1250 X 3000,00:09:20,2216.0,30170,2216
OP2217 JFY #1.4 1210 X 430,00:05:09,2217.0,30172,2217
OP2218 JFY #1.4 1200 X 3540,00:24:05,2218.0,30180,2218
OP2219 JFY #11 1500 X 4000,00:13:50,2219.0,30188,2219
OP2220 JFY #1.4 1200 X 4030,00:32:27,2220.0,30283,2220
OP2221 JFY #14 1210 X 710,00:01:15,2221.0,30301,2221
OP2223 JFY #11 1500 X 4010 2x,00:27:07,2223.0,30331,2223
OP2222 JFY #1.4 1200 X 4050,01:03:10,2222.0,30324,2222
OP2224 JFY #12 1500 X 2500,00:04:28,2224.0,30372,2224
OP2225 JFY #3.16 1200 X 2800,00:13:36,2225.0,30383,2225
OP2226 JFY #1.4 1200 X 4050,00:27:45,2226.0,30390,2226
OP2227 JFY #16 INOX 1250 X 3000 6x,00:33:00,2227.0,30510,2227
OP2228 JFY #16 INOX 1250 X 3000 4x,00:26:09,2228.0,30511,2228
OP2229 JFY #16 INOX 1250 X 3000 4x,00:32:25,2229.0,30512,2229
OP2230 JFY #14 1200 X 2800,00:03:34,2230.0,30764,2230
OP2231 JFY #11 1500 X 4000,00:09:41,2231.0,30869,2231
OP2232 JFY #16 INOX 1250 X 3000 2x,00:24:53,2232.0,30883,2232
OP2233 JFY INOX #11 1500 X 970,01:04:18,2233.0,30943,2233
OP 2235 JFY #3.16 1200X4040,00:08:21,2235.0,30958,2235
OP2234 JFY INOX #11 1260 X 105,00:10:05,2234.0,30942,2234
OP2238 JFY #11 1510 X 4010,00:07:16,2238.0,30991,2238
OP2237 JFY #1.4 870 X 3090,00:14:44,2237.0,30990,2237
OP2239 JFY #14 1210 X 3510,00:07:42,2239.0,30994,2239
OP2236 JFY #3.16 570 X 280,00:01:19,2236.0,30989,2236
